OrderID,Date,Product,Category,Region,Quantity,UnitPrice,TotalSales,Cost,Profit
1001,2023-04-13,Product C,Electronics,West,4,204.31,817.24,421.1958155424226,396.0441844575774
1002,2023-12-15,Product C,Groceries,West,1,74.54,74.54,48.28407618353294,26.255923816467067
1003,2023-09-28,Product A,Clothing,West,9,433.99,3905.91,2471.0040863477598,1434.90591365224
1004,2023-04-17,Product B,Electronics,West,8,87.06,696.48,418.1111199426251,278.3688800573749
1005,2023-03-13,Product B,Clothing,North,8,161.8,1294.4,800.4203214846447,493.97967851535543
1006,2023-07-08,Product D,Electronics,East,10,152.12,1521.2,1002.4436862514813,518.7563137485188
1007,2023-01-21,Product B,Furniture,South,6,436.99,2621.94,1437.8986594958512,1184.0413405041488
1008,2023-04-13,Product A,Clothing,West,7,339.62,2377.34,1596.618604383615,780.721395616385
1009,2023-05-02,Product C,Clothing,South,6,400.37,2402.2200000000003,1781.5576950273044,620.6623049726959
1010,2023-08-03,Product B,Groceries,North,9,132.73,1194.57,869.7046325698291,324.86536743017086
1011,2023-11-27,Product D,Clothing,West,3,316.19,948.5699999999999,518.0804497786118,430.4895502213882
1012,2023-03-29,Product B,Clothing,East,3,290.16,870.48,474.2156035261675,396.2643964738325
1013,2023-04-10,Product A,Furniture,South,3,418.09,1254.27,728.0439192694237,526.2260807305763
1014,2023-12-26,Product D,Clothing,West,10,453.98,4539.8,2761.6621127929125,1778.1378872070877
1015,2023-06-01,Product B,Furniture,North,3,15.96,47.88,29.807055971351446,18.072944028648557
1016,2023-05-11,Product D,Furniture,East,9,340.27,3062.43,2155.672544324082,906.7574556759178
1017,2023-05-30,Product A,Furniture,South,4,35.4,141.6,73.20778475840469,68.39221524159531
1018,2023-11-05,Product C,Furniture,South,7,278.94,1952.58,996.6003686453198,955.9796313546801
1019,2023-09-15,Product A,Electronics,West,9,150.94,1358.46,838.9484470010348,519.5115529989653
1020,2023-12-10,Product A,Groceries,East,7,160.32,1122.24,795.8354945594782,326.4045054405218
1021,2023-10-21,Product A,Electronics,East,9,182.95,1646.55,918.825289183499,727.724710816501
1022,2023-07-11,Product A,Clothing,East,3,314.43,943.29,653.1824286372629,290.1075713627371
1023,2023-10-04,Product C,Electronics,East,4,173.68,694.72,401.5123411969655,293.2076588030345
1024,2023-06-10,Product C,Electronics,North,8,369.02,2952.16,2260.8403900984736,691.3196099015263
1025,2023-11-10,Product D,Clothing,East,6,208.22,1249.32,960.3610083513508,288.9589916486491
1026,2023-01-22,Product B,Clothing,South,5,43.49,217.45000000000002,128.11853077129234,89.33146922870768
1027,2023-09-10,Product C,Clothing,South,4,394.04,1576.16,896.8320865740104,679.3279134259897
1028,2023-08-24,Product C,Electronics,North,8,150.02,1200.16,748.1691725345025,451.99082746549755
1029,2023-12-11,Product B,Electronics,South,1,222.06,222.06,127.05373314153115,95.00626685846885
1030,2023-02-18,Product C,Clothing,South,9,345.87,3112.83,2184.319979674114,928.5100203258858
1031,2023-02-28,Product A,Groceries,East,1,172.9,172.9,129.29797518751957,43.60202481248044
1032,2023-06-19,Product A,Groceries,South,8,37.73,301.84,211.8698386382725,89.97016136172746
1033,2023-07-07,Product B,Furniture,North,4,193.22,772.88,577.5771921010232,195.30280789897677
1034,2023-09-28,Product D,Clothing,East,9,472.78,4255.0199999999995,2634.2728770108138,1620.7471229891858
1035,2023-07-09,Product D,Furniture,West,5,324.45,1622.25,887.2005617197348,735.0494382802652
1036,2023-06-24,Product B,Groceries,East,3,339.02,1017.06,733.6921171680584,283.36788283194153
1037,2023-02-20,Product B,Furniture,North,9,319.82,2878.38,1750.464781832804,1127.9152181671961
1038,2023-12-30,Product A,Clothing,East,9,107.51,967.59,678.649481335037,288.94051866496307
1039,2023-02-24,Product D,Clothing,East,4,214.98,859.92,499.77964157668794,360.140358423312
1040,2023-09-01,Product C,Clothing,North,4,377.96,1511.84,792.7618633258361,719.0781366741638
1041,2023-11-16,Product A,Electronics,East,8,59.67,477.36,380.8256537682117,96.53434623178833
1042,2023-05-11,Product B,Furniture,North,2,146.15,292.3,159.84731023043426,132.45268976956575
1043,2023-11-03,Product D,Groceries,North,9,145.4,1308.6000000000001,1042.3343138101836,266.2656861898165
1044,2023-05-15,Product C,Groceries,West,6,221.69,1330.1399999999999,1055.0457388511802,275.09426114881967
1045,2023-01-21,Product C,Groceries,South,9,490.38,4413.42,3257.745808844946,1155.674191155054
1046,2023-11-25,Product A,Electronics,South,8,43.08,344.64,240.4990588955819,104.14094110441809
1047,2023-06-16,Product D,Electronics,East,7,264.16,1849.1200000000001,1245.0903718280858,604.0296281719143
1048,2023-10-01,Product D,Clothing,East,1,97.89,97.89,74.37980408311087,23.51019591688913
1049,2023-03-30,Product B,Groceries,West,3,485.63,1456.8899999999999,854.9494633956646,601.9405366043353
1050,2023-11-12,Product D,Electronics,West,2,65.52,131.04,83.90548382520548,47.13451617479451
1051,2023-01-14,Product D,Clothing,West,5,207.76,1038.8,712.4266900533767,326.3733099466233
1052,2023-08-30,Product A,Groceries,North,5,371.56,1857.8,1158.072899821102,699.7271001788979
1053,2023-09-22,Product D,Furniture,West,5,355.23,1776.15,1115.8590196297291,660.290980370271
1054,2023-12-12,Product C,Clothing,West,4,217.14,868.56,520.341615241683,348.2183847583169
1055,2023-02-22,Product A,Electronics,East,5,179.8,899.0,601.6733209598194,297.3266790401806
1056,2023-12-06,Product A,Electronics,West,3,204.83,614.49,464.04586251600267,150.44413748399734
1057,2023-04-02,Product B,Clothing,North,1,139.5,139.5,78.1839626195642,61.3160373804358
1058,2023-09-21,Product D,Clothing,North,5,110.61,553.05,431.56145762477723,121.48854237522272
1059,2023-02-04,Product B,Electronics,East,9,246.69,2220.21,1569.0807899185072,651.1292100814928
1060,2023-07-25,Product C,Furniture,West,9,141.58,1274.22,951.8193579183444,322.40064208165563
1061,2023-03-22,Product A,Groceries,West,4,150.86,603.44,402.4083134681963,201.03168653180376
1062,2023-02-19,Product A,Furniture,North,3,331.81,995.4300000000001,730.5012930295667,264.9287069704334
1063,2023-12-26,Product A,Clothing,West,1,484.58,484.58,244.6451165628277,239.9348834371723
1064,2023-01-02,Product C,Furniture,West,2,305.78,611.56,455.92661977345176,155.63338022654818
1065,2023-02-23,Product C,Electronics,West,8,47.72,381.76,195.47702325332884,186.28297674667115
1066,2023-04-16,Product B,Clothing,South,1,47.04,47.04,36.07845756723272,10.961542432767281
1067,2023-09-17,Product B,Groceries,East,8,476.2,3809.6,3038.494384564101,771.1056154358989
1068,2023-11-06,Product B,Electronics,South,7,155.67,1089.6899999999998,640.9777118578238,448.712288142176
1069,2023-07-10,Product D,Electronics,East,8,55.11,440.88,248.25757352858423,192.62242647141576
1070,2023-08-06,Product A,Groceries,North,6,303.53,1821.1799999999998,1328.7493352972958,492.430664702704
1071,2023-02-13,Product A,Groceries,West,9,315.59,2840.31,1635.7569739137614,1204.5530260862386
1072,2023-06-11,Product B,Furniture,East,3,327.77,983.31,746.9898440991177,236.32015590088224
1073,2023-07-21,Product A,Clothing,South,10,141.03,1410.3,748.6616723159068,661.6383276840932
1074,2023-09-27,Product B,Groceries,West,4,17.4,69.6,37.42994450040099,32.170055499599
1075,2023-12-17,Product D,Groceries,North,6,482.86,2897.16,2299.6076158125898,597.5523841874101
1076,2023-10-31,Product D,Clothing,East,8,132.94,1063.52,746.7523435264346,316.76765647356535
1077,2023-09-28,Product C,Groceries,East,5,341.25,1706.25,1286.6253980045703,419.62460199542966
1078,2023-08-03,Product D,Groceries,East,3,356.25,1068.75,638.3631066133305,430.3868933866695
1079,2023-09-09,Product B,Furniture,West,6,308.9,1853.3999999999999,1302.8384944084464,550.5615055915534
1080,2023-07-09,Product D,Electronics,South,4,163.32,653.28,443.1018902832481,210.17810971675186
1081,2023-10-23,Product C,Electronics,South,9,142.84,1285.56,875.3957005275768,410.1642994724232
1082,2023-08-01,Product A,Electronics,East,3,302.86,908.58,640.330602626035,268.24939737396505
1083,2023-07-27,Product B,Electronics,North,4,434.39,1737.56,1168.696325458659,568.863674541341
1084,2023-08-25,Product A,Groceries,North,7,473.9,3317.2999999999997,2085.64857930632,1231.65142069368
1085,2023-12-04,Product C,Clothing,South,7,61.89,433.23,252.4763966659453,180.75360333405473
1086,2023-02-22,Product C,Clothing,North,4,85.87,343.48,250.93769466262,92.54230533738001
1087,2023-10-07,Product C,Furniture,South,6,472.92,2837.52,1611.3757636747923,1226.1442363252077
1088,2023-08-05,Product A,Furniture,East,3,370.9,1112.6999999999998,787.4647909374049,325.2352090625949
1089,2023-09-09,Product A,Groceries,South,6,442.67,2656.02,1513.9309930839192,1142.0890069160807
1090,2023-07-07,Product A,Clothing,South,2,109.29,218.58,150.2954005645934,68.28459943540662
1091,2023-02-10,Product A,Clothing,East,8,297.92,2383.36,1725.8469376233927,657.5130623766074
1092,2023-06-06,Product C,Electronics,North,2,353.56,707.12,399.9570895370776,307.1629104629224
1093,2023-01-15,Product C,Groceries,South,7,343.25,2402.75,1244.5836298433524,1158.1663701566476
1094,2023-10-28,Product B,Groceries,South,9,209.99,1889.91,1019.2135759866359,870.6964240133642
1095,2023-03-06,Product B,Electronics,East,1,17.54,17.54,11.958756041780136,5.581243958219863
1096,2023-12-11,Product A,Groceries,North,8,295.63,2365.04,1785.212418574034,579.827581425966
1097,2023-11-23,Product D,Groceries,South,7,134.02,938.1400000000001,481.7339953621403,456.4060046378598
1098,2023-01-09,Product D,Furniture,East,6,230.62,1383.72,996.6179340483321,387.1020659516679
1099,2023-12-10,Product C,Clothing,South,6,479.21,2875.2599999999998,1732.0439549863038,1143.216045013696
1100,2023-05-09,Product C,Groceries,West,6,205.53,1233.18,793.6234845652071,439.5565154347929
1101,2023-05-16,Product C,Furniture,East,9,421.5,3793.5,2953.8386107017463,839.6613892982537
1102,2023-03-04,Product B,Clothing,North,2,102.38,204.76,122.77234559291351,81.98765440708648
1103,2023-05-19,Product B,Electronics,North,1,339.51,339.51,217.15096273253846,122.35903726746153
1104,2023-03-22,Product C,Furniture,North,6,488.73,2932.38,1478.2266118187779,1454.1533881812222
1105,2023-06-12,Product C,Furniture,North,10,59.93,599.3,314.3206338696699,284.97936613033005
1106,2023-10-16,Product C,Clothing,South,8,14.08,112.64,65.05832704762662,47.58167295237338
1107,2023-09-18,Product D,Electronics,South,3,222.46,667.38,339.2664085437506,328.1135914562494
1108,2023-08-19,Product B,Furniture,North,10,55.39,553.9,381.86563792943787,172.0343620705621
1109,2023-02-10,Product D,Groceries,North,1,376.71,376.71,236.54355749722177,140.1664425027782
1110,2023-01-28,Product D,Groceries,North,9,458.13,4123.17,2739.6137566596294,1383.5562433403707
1111,2023-05-15,Product C,Groceries,South,1,222.67,222.67,123.00160666506069,99.6683933349393
1112,2023-07-20,Product C,Electronics,North,3,136.77,410.31000000000006,241.58216129944145,168.7278387005586
1113,2023-11-24,Product A,Furniture,North,8,222.86,1782.88,1246.495813917628,536.384186082372
1114,2023-09-25,Product A,Groceries,West,3,364.49,1093.47,863.39387076244,230.07612923756005
1115,2023-02-02,Product D,Electronics,West,4,14.44,57.76,29.75362185297908,28.006378147020918
1116,2023-02-17,Product B,Groceries,North,8,298.83,2390.64,1833.8965118428303,556.7434881571696
1117,2023-03-03,Product C,Clothing,East,1,310.51,310.51,208.993214545743,101.51678545425699
1118,2023-08-04,Product C,Furniture,North,6,322.47,1934.8200000000002,1294.7348568450348,640.0851431549654
1119,2023-10-20,Product D,Furniture,West,1,128.59,128.59,83.59424505270977,44.99575494729024
1120,2023-04-09,Product A,Electronics,East,1,359.89,359.89,187.43727127281696,172.45272872718303
1121,2023-06-21,Product B,Electronics,East,8,54.78,438.24,230.93628945145653,207.30371054854348
1122,2023-12-26,Product A,Furniture,North,4,107.64,430.56,292.89860194697286,137.66139805302714
1123,2023-08-02,Product A,Groceries,West,1,439.96,439.96,264.98243992663646,174.97756007336352
1124,2023-02-04,Product A,Groceries,West,10,371.97,3719.7000000000003,2883.4386081746998,836.2613918253005
1125,2023-08-15,Product A,Clothing,East,7,16.74,117.17999999999999,72.8832837503349,44.296716249665096
1126,2023-04-11,Product C,Groceries,North,5,131.7,658.5,357.55525216670674,300.94474783329326
1127,2023-05-11,Product C,Electronics,South,5,115.06,575.3,411.00332347411637,164.29667652588358
1128,2023-09-14,Product A,Electronics,South,1,142.7,142.7,83.90845997188963,58.79154002811036
1129,2023-01-05,Product B,Groceries,West,10,131.3,1313.0,863.4827540674863,449.5172459325137
1130,2023-08-06,Product D,Electronics,South,6,40.64,243.84,172.96786392527423,70.87213607472577
1131,2023-09-12,Product B,Furniture,West,9,234.88,2113.92,1627.8858929856844,486.0341070143156
1132,2023-12-25,Product B,Furniture,West,9,369.04,3321.36,2450.0256440299486,871.3343559700515
1133,2023-10-10,Product B,Groceries,West,8,307.3,2458.4,1728.0298147774915,730.3701852225086
1134,2023-07-26,Product A,Furniture,South,5,339.71,1698.55,1195.5922825871814,502.9577174128185
1135,2023-01-15,Product C,Furniture,West,1,49.76,49.76,39.00076308611099,10.759236913889005
1136,2023-12-12,Product B,Clothing,East,9,476.23,4286.07,2523.4118368670934,1762.6581631329063
1137,2023-02-11,Product A,Clothing,North,1,420.86,420.86,210.57041078902222,210.2895892109778
1138,2023-06-28,Product B,Furniture,North,8,404.49,3235.92,1881.9669593543458,1353.9530406456543
1139,2023-03-04,Product B,Groceries,West,5,413.26,2066.3,1168.2186873168225,898.0813126831777
1140,2023-12-18,Product A,Clothing,North,3,467.03,1401.09,978.7319456572116,422.35805434278836
1141,2023-08-19,Product C,Electronics,South,7,276.68,1936.76,1336.5841833885659,600.1758166114341
1142,2023-08-29,Product C,Electronics,South,7,108.14,756.98,513.2615192439465,243.7184807560535
1143,2023-02-21,Product D,Electronics,North,9,312.22,2809.9800000000005,1418.6831251649105,1391.29687483509
1144,2023-04-06,Product A,Groceries,South,7,374.01,2618.0699999999997,1881.432588304682,736.6374116953177
1145,2023-08-10,Product D,Furniture,North,3,371.58,1114.74,665.5656876042231,449.17431239577695
1146,2023-08-19,Product D,Electronics,North,1,265.51,265.51,185.72870469234516,79.78129530765483
1147,2023-08-25,Product D,Groceries,North,8,43.54,348.32,232.32021946476098,115.99978053523901
1148,2023-05-23,Product C,Clothing,West,3,191.85,575.55,346.95263523900957,228.5973647609904
1149,2023-06-20,Product A,Furniture,North,8,461.18,3689.44,1993.6733188713738,1695.7666811286263
1150,2023-01-29,Product D,Clothing,West,8,296.38,2371.04,1252.681294932672,1118.358705067328
1151,2023-02-05,Product A,Groceries,North,5,273.78,1368.8999999999999,1025.9296338591969,342.970366140803
1152,2023-01-13,Product A,Electronics,North,1,141.74,141.74,109.92210028439203,31.81789971560798
1153,2023-06-09,Product C,Electronics,North,10,190.54,1905.3999999999999,1324.131843291409,581.2681567085908
1154,2023-11-23,Product D,Groceries,South,7,448.72,3141.04,1667.9872076424117,1473.0527923575883
1155,2023-07-06,Product D,Electronics,West,10,336.57,3365.7,2088.7809011642253,1276.9190988357745
1156,2023-08-31,Product A,Furniture,West,5,395.82,1979.1,1422.343071278435,556.7569287215649
1157,2023-03-27,Product B,Groceries,North,8,232.63,1861.04,1365.9033573934291,495.13664260657083
1158,2023-10-11,Product C,Clothing,North,9,318.82,2869.38,1536.4542451288812,1332.925754871119
1159,2023-03-07,Product C,Groceries,South,7,131.71,921.97,460.9934965561632,460.9765034438368
1160,2023-06-19,Product C,Furniture,South,7,355.68,2489.76,1776.7950994055088,712.9649005944914
1161,2023-02-14,Product C,Furniture,South,1,219.52,219.52,133.24399776574757,86.27600223425245
1162,2023-03-03,Product D,Groceries,West,4,226.85,907.4,522.9749080931228,384.4250919068771
1163,2023-05-14,Product D,Groceries,West,2,328.17,656.34,330.7095375964971,325.6304624035029
1164,2023-10-11,Product B,Electronics,West,2,468.78,937.56,620.7489335409934,316.8110664590065
1165,2023-01-28,Product C,Furniture,North,2,41.36,82.72,62.48215665033117,20.23784334966883
1166,2023-04-18,Product C,Groceries,West,4,414.12,1656.48,1304.129300825285,352.3506991747149
1167,2023-02-13,Product A,Groceries,East,1,153.27,153.27,102.64851857414966,50.62148142585035
1168,2023-12-06,Product D,Furniture,East,4,227.52,910.08,595.500289544857,314.5797104551431
1169,2023-10-13,Product C,Groceries,South,2,20.74,41.48,21.798441661028118,19.68155833897188
1170,2023-11-27,Product B,Electronics,West,5,157.51,787.55,523.4544324564623,264.09556754353764
1171,2023-05-08,Product B,Furniture,East,3,256.29,768.8700000000001,472.081354333237,296.7886456667631
1172,2023-12-14,Product D,Electronics,South,8,37.53,300.24,204.80588901974554,95.43411098025447
1173,2023-08-19,Product B,Electronics,West,4,250.64,1002.56,618.1964461981332,384.3635538018667
1174,2023-07-09,Product B,Electronics,North,1,464.28,464.28,265.60982311066084,198.67017688933913
1175,2023-08-13,Product D,Electronics,East,1,61.64,61.64,32.57609786952314,29.063902130476862
1176,2023-10-10,Product C,Furniture,North,10,384.58,3845.7999999999997,2286.2340062599924,1559.5659937400073
1177,2023-05-01,Product C,Electronics,West,3,210.74,632.22,334.4402391400209,297.77976085997915
1178,2023-04-26,Product B,Electronics,East,9,331.04,2979.36,1647.7919098220837,1331.5680901779165
1179,2023-08-21,Product B,Groceries,West,7,137.52,962.6400000000001,766.4547839085043,196.18521609149582
1180,2023-09-16,Product C,Furniture,North,2,88.15,176.3,111.63863712479107,64.66136287520894
1181,2023-12-25,Product D,Furniture,East,9,88.63,797.67,526.1124455964169,271.557554403583
1182,2023-07-17,Product B,Clothing,North,10,44.54,445.4,339.43290780986666,105.96709219013331
1183,2023-05-17,Product A,Furniture,West,2,100.97,201.94,161.28355512952686,40.65644487047314
1184,2023-11-14,Product D,Furniture,West,3,335.47,1006.4100000000001,679.1398946894943,327.27010531050576
1185,2023-06-14,Product B,Clothing,North,10,442.03,4420.299999999999,3287.563409348465,1132.7365906515342
1186,2023-08-13,Product B,Furniture,East,2,408.92,817.84,489.135634203052,328.704365796948
1187,2023-11-03,Product A,Furniture,North,3,345.72,1037.16,613.7116208718098,423.44837912819025
1188,2023-08-22,Product A,Furniture,West,6,64.11,384.65999999999997,238.80120399533024,145.85879600466973
1189,2023-06-21,Product C,Furniture,North,9,151.7,1365.3,958.1022497184999,407.1977502815
1190,2023-06-01,Product D,Clothing,West,9,161.81,1456.29,1026.1856805435925,430.10431945640744
1191,2023-11-11,Product D,Furniture,North,7,132.48,927.3599999999999,551.3821326349544,375.97786736504554
1192,2023-06-09,Product C,Furniture,East,3,262.35,787.0500000000001,424.97786123752013,362.07213876247994
1193,2023-04-06,Product D,Clothing,East,4,272.42,1089.68,751.5728658236008,338.1071341763993
1194,2023-08-21,Product D,Groceries,North,6,184.87,1109.22,597.3124838571065,511.90751614289354
1195,2023-06-29,Product D,Electronics,North,5,183.36,916.8000000000001,617.508579463395,299.2914205366051
1196,2023-04-23,Product D,Groceries,East,2,415.99,831.98,589.0640026300864,242.9159973699136
1197,2023-11-14,Product D,Clothing,West,6,396.75,2380.5,1690.5917001500977,689.9082998499023
1198,2023-02-21,Product A,Electronics,East,3,160.82,482.46,350.2860463526487,132.17395364735125
1199,2023-09-25,Product D,Clothing,West,8,457.76,3662.08,2789.9843091581565,872.0956908418434
1200,2023-10-22,Product A,Clothing,North,2,476.88,953.76,619.932266452901,333.827733547099
1201,2023-04-23,Product D,Furniture,North,1,170.1,170.1,122.31461614169402,47.78538385830598
1202,2023-04-11,Product C,Electronics,West,9,183.67,1653.03,1133.5683320225367,519.4616679774633
1203,2023-04-23,Product B,Furniture,North,3,257.76,773.28,429.9374797940256,343.3425202059744
1204,2023-03-22,Product A,Electronics,West,1,471.15,471.15,239.20610285406647,231.9438971459335
1205,2023-07-06,Product D,Clothing,South,7,439.4,3075.7999999999997,1800.4577182195337,1275.342281780466
1206,2023-04-23,Product C,Clothing,East,10,60.26,602.6,381.39163343171487,221.20836656828516
1207,2023-01-02,Product B,Groceries,South,5,202.44,1012.2,693.4903910852058,318.7096089147942
1208,2023-05-10,Product A,Electronics,West,5,281.15,1405.75,1061.3240986564645,344.42590134353554
1209,2023-08-08,Product B,Furniture,East,1,256.53,256.53,143.36787411198978,113.1621258880102
1210,2023-02-23,Product C,Groceries,West,9,104.99,944.91,508.04497559189093,436.86502440810904
1211,2023-12-09,Product A,Groceries,East,7,430.82,3015.74,2379.5515050388685,636.1884949611313
1212,2023-08-12,Product B,Groceries,East,8,341.7,2733.6,1455.4051822534038,1278.194817746596
1213,2023-08-13,Product D,Furniture,East,9,420.58,3785.22,2435.96819051734,1349.2518094826596
1214,2023-05-06,Product A,Groceries,East,6,430.79,2584.7400000000002,1746.42899770836,838.3110022916403
1215,2023-05-10,Product B,Furniture,West,5,376.69,1883.45,1247.6204959174343,635.8295040825658
1216,2023-02-22,Product C,Groceries,East,6,225.21,1351.26,710.5055437537005,640.7544562462995
1217,2023-06-21,Product C,Furniture,East,2,309.17,618.34,319.74860660149943,298.5913933985006
1218,2023-08-06,Product A,Clothing,South,4,88.58,354.32,188.37246640539826,165.94753359460174
1219,2023-06-09,Product B,Clothing,North,3,340.09,1020.27,689.3722638674132,330.89773613258683
1220,2023-07-17,Product A,Clothing,North,7,97.83,684.81,454.2368467502578,230.57315324974212
1221,2023-09-04,Product A,Clothing,South,9,350.04,3150.36,1796.0902924802635,1354.2697075197366
1222,2023-11-20,Product B,Clothing,South,5,122.5,612.5,423.4409985641275,189.05900143587252
1223,2023-07-22,Product B,Groceries,West,6,67.6,405.59999999999997,302.5858136501314,103.01418634986857
1224,2023-07-03,Product D,Groceries,West,10,90.99,909.9,466.29980866932476,443.6001913306752
1225,2023-05-03,Product B,Groceries,West,2,10.98,21.96,14.261680068094504,7.6983199319054965
1226,2023-09-12,Product C,Furniture,South,3,362.18,1086.54,767.9590005498172,318.58099945018273
1227,2023-10-21,Product A,Furniture,South,3,368.88,1106.6399999999999,637.0855412917196,469.5544587082803
1228,2023-10-07,Product A,Furniture,East,9,262.32,2360.88,1398.423052466547,962.4569475334531
1229,2023-11-21,Product C,Furniture,West,7,89.07,623.49,426.52412884045526,196.96587115954475
1230,2023-04-08,Product B,Clothing,West,8,50.94,407.52,313.5379772352575,93.98202276474251
1231,2023-07-17,Product C,Clothing,West,10,19.37,193.70000000000002,143.9147080638015,49.78529193619852
1232,2023-08-28,Product C,Clothing,North,9,91.22,820.98,554.1114741829128,266.8685258170872
1233,2023-05-24,Product D,Electronics,East,6,446.52,2679.12,1926.4654825433404,752.6545174566595
1234,2023-04-07,Product C,Groceries,West,4,128.35,513.4,312.88995686140515,200.51004313859482
1235,2023-07-20,Product A,Furniture,West,1,183.59,183.59,127.09745839109527,56.49254160890473
1236,2023-05-04,Product C,Furniture,West,8,61.62,492.96,315.42266314867214,177.53733685132784
1237,2023-07-06,Product A,Clothing,North,7,118.96,832.7199999999999,463.809085865282,368.9109141347179
1238,2023-11-22,Product A,Furniture,North,2,264.42,528.84,375.7521806271746,153.08781937282544
1239,2023-12-15,Product A,Furniture,South,8,307.8,2462.4,1642.271556902322,820.1284430976782
1240,2023-09-16,Product B,Groceries,East,5,130.22,651.1,395.599553602995,255.50044639700502
1241,2023-05-28,Product D,Clothing,South,7,38.29,268.03,207.2948729350326,60.73512706496737
1242,2023-09-09,Product A,Groceries,East,4,201.61,806.44,408.2846329940573,398.15536700594276
1243,2023-12-12,Product A,Electronics,North,5,124.76,623.8000000000001,370.99378752483074,252.80621247516933
1244,2023-05-27,Product B,Electronics,West,8,117.58,940.64,486.3714754016696,454.2685245983304
1245,2023-05-28,Product A,Electronics,South,1,480.33,480.33,350.62081974022027,129.7091802597797
1246,2023-12-18,Product C,Clothing,West,1,311.99,311.99,221.71015138268868,90.27984861731133
1247,2023-07-18,Product C,Furniture,South,4,282.87,1131.48,678.2155225367304,453.2644774632696
1248,2023-11-04,Product D,Clothing,North,3,213.73,641.1899999999999,450.563488879846,190.62651112015396
1249,2023-05-08,Product A,Clothing,North,10,220.18,2201.8,1362.432375391473,839.3676246085272
1250,2023-02-08,Product B,Furniture,North,2,275.04,550.08,399.8400256756958,150.23997432430423
1251,2023-12-04,Product C,Groceries,South,3,351.25,1053.75,670.4538103826412,383.2961896173588
1252,2023-12-26,Product B,Electronics,East,1,354.05,354.05,220.81529129164036,133.23470870835965
1253,2023-05-09,Product B,Groceries,South,1,94.13,94.13,73.46083808347413,20.669161916525866
1254,2023-09-24,Product C,Electronics,East,6,255.06,1530.3600000000001,880.3606017926197,649.9993982073804
1255,2023-05-31,Product B,Clothing,South,5,211.86,1059.3000000000002,567.9269601775087,491.3730398224915
1256,2023-10-25,Product C,Electronics,South,8,436.56,3492.48,2358.691539658918,1133.788460341082
1257,2023-04-09,Product B,Clothing,North,2,319.4,638.8,505.16083210614005,133.6391678938599
1258,2023-09-20,Product C,Groceries,West,4,270.93,1083.72,664.7015738101281,419.0184261898719
1259,2023-09-09,Product A,Clothing,West,8,66.54,532.32,276.06702300446193,256.2529769955381
1260,2023-05-24,Product D,Groceries,East,6,306.76,1840.56,1107.6335108397893,732.9264891602106
1261,2023-12-12,Product C,Furniture,West,1,67.43,67.43,43.94949143523036,23.48050856476965
1262,2023-04-22,Product C,Furniture,South,4,175.23,700.92,384.5085221425954,316.4114778574046
1263,2023-03-01,Product D,Furniture,South,1,79.99,79.99,55.78747892670164,24.202521073298357
1264,2023-01-02,Product C,Clothing,North,2,349.12,698.24,558.1205600147448,140.1194399852552
1265,2023-10-31,Product C,Furniture,North,5,111.06,555.3,352.90527930374867,202.39472069625128
1266,2023-09-11,Product B,Electronics,West,8,202.01,1616.08,980.0209177881686,636.0590822118313
1267,2023-05-20,Product D,Groceries,East,8,448.88,3591.04,2227.203407380773,1363.8365926192268
1268,2023-02-06,Product A,Groceries,West,3,110.12,330.36,176.59190744839162,153.7680925516084
1269,2023-06-09,Product C,Electronics,West,4,258.82,1035.28,791.9706482253623,243.30935177463766
1270,2023-01-09,Product D,Clothing,West,10,215.44,2154.4,1345.3101176765604,809.0898823234397
1271,2023-08-21,Product B,Clothing,West,6,18.88,113.28,69.8011335978618,43.478866402138195
1272,2023-04-09,Product A,Groceries,South,10,398.45,3984.5,2780.8107677474427,1203.6892322525573
1273,2023-05-27,Product D,Furniture,East,3,43.83,131.49,83.18189235547004,48.30810764452997
1274,2023-10-31,Product A,Clothing,South,2,242.38,484.76,336.6512969017874,148.10870309821257
1275,2023-07-27,Product A,Clothing,East,6,284.73,1708.38,885.6820839400904,822.6979160599097
1276,2023-05-11,Product A,Electronics,North,5,317.93,1589.65,1182.8855940044118,406.7644059955883
1277,2023-06-01,Product C,Electronics,West,10,347.43,3474.3,2717.4278650466727,756.8721349533275
1278,2023-02-23,Product C,Furniture,South,5,134.1,670.5,465.7491574259605,204.7508425740395
1279,2023-04-30,Product B,Clothing,East,10,14.89,148.9,117.0904600421231,31.809539957876908
1280,2023-06-10,Product B,Clothing,North,5,364.49,1822.45,994.0183463970619,828.4316536029381
1281,2023-04-26,Product D,Electronics,North,10,272.47,2724.7000000000003,1752.594767443136,972.1052325568642
1282,2023-03-16,Product B,Clothing,West,5,419.7,2098.5,1428.1174293553563,670.3825706446437
1283,2023-04-23,Product A,Groceries,East,3,412.48,1237.44,834.679259095462,402.760740904538
1284,2023-04-14,Product A,Electronics,South,7,423.23,2962.61,1838.1174044040972,1124.492595595903
1285,2023-12-06,Product C,Furniture,West,6,247.7,1486.1999999999998,893.8383147600413,592.3616852399585
1286,2023-09-11,Product A,Electronics,South,4,173.48,693.92,373.36171771845596,320.558282281544
1287,2023-08-15,Product D,Clothing,North,2,397.86,795.72,491.3751908284249,304.34480917157515
1288,2023-04-22,Product A,Furniture,South,9,231.13,2080.17,1141.5936443273931,938.576355672607
1289,2023-04-09,Product A,Electronics,South,1,99.89,99.89,71.95173622744231,27.93826377255769
1290,2023-06-02,Product D,Groceries,West,4,428.94,1715.76,965.3711297652594,750.3888702347406
1291,2023-12-15,Product B,Groceries,South,1,442.45,442.45,228.99866579694262,213.45133420305737
1292,2023-12-04,Product B,Electronics,West,6,238.49,1430.94,952.590840374458,478.34915962554203
1293,2023-07-13,Product D,Groceries,North,4,47.09,188.36,127.81524173650796,60.54475826349206
1294,2023-11-06,Product C,Groceries,West,5,200.03,1000.15,761.6881544719092,238.46184552809075
1295,2023-06-12,Product A,Groceries,West,5,403.73,2018.65,1358.7421795720861,659.907820427914
1296,2023-07-27,Product D,Furniture,East,9,451.87,4066.83,2454.918570104436,1611.9114298955637
1297,2023-06-18,Product A,Groceries,South,1,109.7,109.7,81.2771210210312,28.422878978968797
1298,2023-06-10,Product C,Groceries,North,2,42.82,85.64,56.70084532377122,28.93915467622878
1299,2023-03-09,Product A,Groceries,West,6,439.9,2639.3999999999996,1382.47571497667,1256.9242850233297
1300,2023-10-16,Product D,Furniture,North,5,200.81,1004.05,672.4676765247547,331.5823234752453
1301,2023-10-04,Product A,Electronics,East,7,275.46,1928.2199999999998,1489.3678558958875,438.8521441041123
1302,2023-10-31,Product B,Clothing,South,3,484.35,1453.0500000000002,899.2836181440571,553.7663818559431
1303,2023-05-15,Product C,Groceries,West,3,42.62,127.85999999999999,75.29646510927253,52.56353489072745
1304,2023-07-14,Product C,Electronics,South,10,327.68,3276.8,1779.4362150269947,1497.3637849730055
1305,2023-05-08,Product C,Groceries,East,2,46.31,92.62,50.51806527249584,42.101934727504165
1306,2023-02-02,Product D,Furniture,East,3,193.98,581.9399999999999,366.52411127936335,215.4158887206366
1307,2023-06-25,Product C,Electronics,North,10,403.87,4038.7,2741.0816317523504,1297.6183682476494
1308,2023-01-22,Product B,Furniture,West,1,222.4,222.4,116.57865983291583,105.82134016708417
1309,2023-08-26,Product D,Groceries,North,5,498.62,2493.1,1949.2815347895923,543.8184652104076
1310,2023-06-07,Product B,Groceries,East,5,283.94,1419.7,1031.4689590060834,388.2310409939166
1311,2023-02-07,Product A,Furniture,South,7,167.37,1171.5900000000001,791.979814926587,379.61018507341316
1312,2023-08-18,Product A,Clothing,North,4,117.85,471.4,352.8577968441921,118.5422031558079
1313,2023-12-31,Product A,Furniture,North,3,181.76,545.28,285.7572704263527,259.52272957364727
1314,2023-02-20,Product A,Groceries,South,1,192.54,192.54,123.81316725562073,68.72683274437927
1315,2023-09-21,Product B,Furniture,North,8,43.67,349.36,240.71880044011723,108.64119955988278
1316,2023-10-10,Product D,Clothing,South,3,191.09,573.27,429.1475554471295,144.1224445528705
1317,2023-01-27,Product D,Furniture,West,2,237.48,474.96,349.1150106723001,125.84498932769986
1318,2023-08-14,Product C,Clothing,South,4,364.14,1456.56,849.3503959087649,607.2096040912351
1319,2023-10-04,Product B,Clothing,West,3,331.8,995.4000000000001,778.6656362337698,216.73436376623033
1320,2023-10-13,Product A,Furniture,South,1,357.3,357.3,191.97863074297499,165.32136925702503
1321,2023-04-07,Product B,Furniture,East,3,14.1,42.3,32.25544562030242,10.04455437969758
1322,2023-10-11,Product C,Electronics,East,2,116.66,233.32,184.62193371132489,48.69806628867511
1323,2023-11-13,Product C,Groceries,West,8,334.23,2673.84,1479.0240529600756,1194.8159470399246
1324,2023-10-31,Product B,Clothing,West,6,247.15,1482.9,1062.675529982338,420.22447001766204
1325,2023-05-27,Product B,Electronics,East,9,12.6,113.39999999999999,58.07051334882751,55.32948665117248
1326,2023-01-04,Product B,Furniture,West,8,404.2,3233.6,2010.0925742109914,1223.5074257890085
1327,2023-02-04,Product D,Groceries,South,10,388.68,3886.8,2545.406978196456,1341.3930218035443
1328,2023-07-11,Product A,Electronics,South,3,278.73,836.19,563.7539194360132,272.4360805639868
1329,2023-02-18,Product B,Clothing,East,5,42.57,212.85,166.18927298691176,46.660727013088234
1330,2023-01-17,Product B,Electronics,North,7,385.59,2699.1299999999997,1893.9125992789136,805.217400721086
1331,2023-06-21,Product B,Clothing,South,5,296.02,1480.1,953.7518486798778,526.3481513201222
1332,2023-08-08,Product C,Furniture,West,8,393.16,3145.28,2336.6364094199134,808.6435905800868
1333,2023-06-07,Product C,Groceries,North,5,378.36,1891.8000000000002,1485.3653972044656,406.4346027955346
1334,2023-02-15,Product D,Groceries,North,1,403.47,403.47,204.40590870265316,199.06409129734686
1335,2023-01-06,Product A,Groceries,South,5,263.82,1319.1,1048.3631430698822,270.7368569301177
1336,2023-04-09,Product D,Furniture,South,4,78.76,315.04,165.66052072718657,149.37947927281346
1337,2023-08-21,Product A,Clothing,North,6,338.87,2033.22,1513.3582462034494,519.8617537965506
1338,2023-02-06,Product C,Furniture,North,3,314.03,942.0899999999999,550.275170109348,391.81482989065194
1339,2023-10-07,Product C,Groceries,East,5,373.7,1868.5,1008.3433071539329,860.1566928460671
1340,2023-12-15,Product C,Furniture,West,2,93.24,186.48,117.84728390815077,68.63271609184922
1341,2023-10-29,Product D,Furniture,East,6,105.54,633.24,438.95371931082207,194.28628068917794
1342,2023-06-30,Product B,Furniture,South,6,446.3,2677.8,1644.9338551811586,1032.8661448188416
1343,2023-04-05,Product B,Clothing,East,5,377.49,1887.45,974.6218439589541,912.828156041046
1344,2023-04-09,Product C,Electronics,East,6,455.03,2730.18,1856.0810442820305,874.0989557179694
1345,2023-07-07,Product B,Electronics,East,7,381.77,2672.39,2059.667047313622,612.722952686378
1346,2023-04-26,Product B,Furniture,East,5,302.61,1513.0500000000002,930.4722028339469,582.5777971660533
1347,2023-07-10,Product D,Electronics,West,1,330.53,330.53,186.71634189709516,143.8136581029048
1348,2023-09-10,Product A,Electronics,West,8,445.67,3565.36,2256.064269828507,1309.2957301714932
1349,2023-06-10,Product C,Furniture,North,4,293.62,1174.48,604.2803110617716,570.1996889382284
1350,2023-09-13,Product C,Furniture,South,9,319.87,2878.83,2148.028281848805,730.801718151195
1351,2023-11-19,Product D,Groceries,East,10,86.67,866.7,648.2068742551581,218.4931257448419
1352,2023-05-08,Product D,Electronics,North,6,242.22,1453.32,983.0258500534642,470.29414994653575
1353,2023-01-18,Product B,Clothing,North,1,361.03,361.03,218.75922079802803,142.27077920197195
1354,2023-10-08,Product C,Furniture,North,3,142.76,428.28,316.899365797452,111.38063420254798
1355,2023-08-11,Product A,Groceries,West,3,109.1,327.29999999999995,218.11471896396975,109.1852810360302
1356,2023-02-23,Product D,Clothing,East,10,163.78,1637.8,1224.713580482965,413.086419517035
1357,2023-02-27,Product A,Electronics,East,4,128.34,513.36,353.92970572812584,159.43029427187417
1358,2023-11-19,Product A,Groceries,South,6,115.31,691.86,508.7396312091018,183.12036879089823
1359,2023-12-26,Product C,Furniture,East,7,218.18,1527.26,1037.8783951065268,489.3816048934732
1360,2023-06-23,Product C,Clothing,East,10,454.84,4548.4,2839.3037704016406,1709.096229598359
1361,2023-10-07,Product D,Furniture,North,4,258.46,1033.84,814.0288243478115,219.81117565218847
1362,2023-04-24,Product C,Electronics,South,6,102.08,612.48,405.6664186385385,206.8135813614615
1363,2023-10-15,Product C,Clothing,East,1,47.72,47.72,32.522461547426346,15.197538452573653
1364,2023-12-08,Product C,Electronics,West,8,351.12,2808.96,1590.2822878831362,1218.6777121168639
1365,2023-05-31,Product A,Electronics,East,7,197.57,1382.99,951.0756355810088,431.9143644189912
1366,2023-05-07,Product D,Groceries,North,9,412.7,3714.2999999999997,2494.0866877423496,1220.2133122576502
1367,2023-06-04,Product B,Furniture,West,3,333.16,999.48,555.1626845940278,444.3173154059722
1368,2023-09-30,Product A,Clothing,North,2,400.16,800.32,414.46662372610047,385.8533762738996
1369,2023-04-14,Product C,Electronics,East,1,143.25,143.25,97.5973417647423,45.652658235257704
1370,2023-10-26,Product A,Electronics,West,3,349.26,1047.78,763.9444457939637,283.83555420603625
1371,2023-09-03,Product C,Clothing,South,5,139.39,696.9499999999999,457.91037563922805,239.03962436077188
1372,2023-06-25,Product C,Electronics,South,2,470.14,940.28,534.1089292406668,406.17107075933313
1373,2023-02-08,Product A,Groceries,West,3,321.82,965.46,675.7800922854173,289.6799077145828
1374,2023-06-19,Product D,Groceries,West,4,169.01,676.04,354.26640262514667,321.7735973748533
1375,2023-09-04,Product C,Groceries,North,7,142.06,994.4200000000001,629.020481818748,365.3995181812521
1376,2023-01-26,Product D,Groceries,West,3,103.55,310.65,170.54996504894078,140.1000349510592
1377,2023-12-21,Product B,Electronics,North,9,350.37,3153.33,1751.1630778435988,1402.1669221564011
1378,2023-11-02,Product C,Clothing,East,8,117.17,937.36,525.5666768548801,411.79332314511987
1379,2023-01-13,Product D,Clothing,North,4,301.7,1206.8,743.4034229322017,463.39657706779826
1380,2023-11-12,Product D,Clothing,West,1,139.67,139.67,71.97824476570027,67.69175523429972
1381,2023-11-09,Product B,Clothing,West,1,334.36,334.36,207.08186447271598,127.27813552728404
1382,2023-02-05,Product D,Furniture,East,1,409.32,409.32,267.4956276758968,141.8243723241032
1383,2023-06-22,Product D,Clothing,West,1,391.23,391.23,252.33876693221265,138.89123306778737
1384,2023-01-20,Product B,Furniture,West,8,382.82,3062.56,1882.9697823591007,1179.5902176408993
1385,2023-11-17,Product C,Furniture,South,3,101.98,305.94,229.9885539819498,75.9514460180502
1386,2023-09-21,Product D,Groceries,South,6,53.31,319.86,173.87525875128674,145.98474124871328
1387,2023-05-22,Product D,Furniture,East,3,352.48,1057.44,689.1431894232529,368.29681057674713
1388,2023-05-23,Product D,Electronics,North,5,190.49,952.45,493.95240427408106,458.497595725919
1389,2023-04-02,Product A,Furniture,South,7,221.85,1552.95,809.625363454035,743.3246365459651
1390,2023-12-20,Product B,Groceries,North,2,25.26,50.52,33.95751081770608,16.562489182293923
1391,2023-11-18,Product A,Furniture,West,6,137.19,823.14,551.3437218786484,271.79627812135163
1392,2023-10-15,Product B,Electronics,South,6,26.5,159.0,121.38219856268061,37.617801437319386
1393,2023-08-03,Product C,Electronics,East,3,440.8,1322.4,882.5196446078643,439.8803553921358
1394,2023-12-08,Product C,Electronics,East,6,129.26,775.56,611.0926571355558,164.46734286444416
1395,2023-02-20,Product D,Groceries,East,10,283.1,2831.0,1456.8565347460603,1374.1434652539397
1396,2023-06-02,Product B,Groceries,South,10,29.1,291.0,154.0560708813587,136.9439291186413
1397,2023-07-05,Product C,Clothing,North,5,336.76,1683.8,864.1594293136625,819.6405706863375
1398,2023-03-04,Product B,Groceries,West,2,168.28,336.56,186.98703302447686,149.57296697552314
1399,2023-07-09,Product C,Electronics,North,9,449.98,4049.82,2682.5239562081483,1367.2960437918518
1400,2023-05-05,Product A,Electronics,North,8,445.18,3561.44,2470.46997694687,1090.9700230531303
1401,2023-05-30,Product C,Groceries,West,3,169.39,508.16999999999996,261.0345029144325,247.13549708556747
1402,2023-11-10,Product A,Furniture,West,8,451.47,3611.76,2830.865946332623,780.8940536673772
1403,2023-02-27,Product C,Groceries,South,9,498.12,4483.08,3374.188427026137,1108.8915729738628
1404,2023-12-08,Product D,Groceries,South,3,414.45,1243.35,732.3129389070066,511.0370610929933
1405,2023-11-01,Product A,Electronics,South,3,423.99,1271.97,665.4390668466482,606.5309331533518
1406,2023-06-29,Product C,Clothing,South,2,132.01,264.02,145.46607552138863,118.55392447861135
1407,2023-06-19,Product D,Electronics,South,8,292.58,2340.64,1259.4593517834319,1081.180648216568
1408,2023-11-22,Product A,Clothing,West,10,42.96,429.6,230.68881347604827,198.91118652395176
1409,2023-09-28,Product D,Electronics,North,1,56.51,56.51,37.04617630795019,19.463823692049807
1410,2023-02-23,Product B,Groceries,South,8,499.46,3995.68,2292.538312706609,1703.141687293391
1411,2023-04-11,Product B,Electronics,South,7,170.05,1190.3500000000001,723.0684834711402,467.2815165288599
1412,2023-09-21,Product A,Electronics,North,7,376.61,2636.27,2100.7159675723265,535.5540324276735
1413,2023-02-22,Product C,Electronics,South,3,405.27,1215.81,857.5038320957769,358.306167904223
1414,2023-03-01,Product A,Groceries,North,1,430.43,430.43,337.75592455511224,92.67407544488776
1415,2023-04-18,Product D,Groceries,North,4,498.84,1995.36,1083.0154942952634,912.3445057047365
1416,2023-01-05,Product C,Groceries,West,9,128.33,1154.97,709.8928887742119,445.07711122578814
1417,2023-04-13,Product B,Groceries,East,5,29.77,148.85,99.19654867557352,49.65345132442647
1418,2023-07-15,Product C,Clothing,West,1,211.48,211.48,110.60983847846909,100.8701615215309
1419,2023-09-19,Product B,Clothing,East,5,73.74,368.7,184.81317313968842,183.88682686031157
1420,2023-12-31,Product C,Furniture,East,8,20.99,167.92,117.73379999935351,50.18620000064648
1421,2023-12-16,Product C,Groceries,East,8,186.61,1492.88,1033.8878560727583,458.99214392724184
1422,2023-02-16,Product C,Clothing,South,5,394.03,1970.1499999999999,1227.8696722062205,742.2803277937794
1423,2023-12-21,Product D,Electronics,West,9,287.43,2586.87,1673.4286712894952,913.4413287105046
1424,2023-11-07,Product D,Groceries,East,1,163.26,163.26,101.97756728299937,61.28243271700062
1425,2023-11-04,Product A,Furniture,North,4,330.63,1322.52,670.7841455724787,651.7358544275213
1426,2023-05-24,Product A,Furniture,South,3,123.69,371.07,222.86890257573413,148.20109742426587
1427,2023-09-26,Product B,Furniture,West,2,17.05,34.1,18.861551472714275,15.238448527285726
1428,2023-05-04,Product D,Electronics,East,8,384.53,3076.24,1628.9529282443584,1447.2870717556414
1429,2023-04-16,Product B,Clothing,North,7,315.63,2209.41,1738.8413081518406,470.56869184815923
1430,2023-06-07,Product A,Electronics,West,9,383.53,3451.7699999999995,2346.5405754326384,1105.229424567361
1431,2023-05-27,Product B,Groceries,West,2,29.08,58.16,41.79359484736025,16.36640515263975
1432,2023-05-25,Product A,Furniture,South,4,420.19,1680.76,999.395229539588,681.364770460412
1433,2023-04-30,Product D,Electronics,West,6,313.57,1881.42,1162.6124617117891,718.8075382882109
1434,2023-11-15,Product C,Electronics,South,3,286.06,858.1800000000001,490.08702992468704,368.092970075313
1435,2023-10-02,Product D,Clothing,East,8,316.06,2528.48,1337.792727916797,1190.687272083203
1436,2023-04-02,Product B,Clothing,South,3,433.57,1300.71,720.2154723409927,580.4945276590073
1437,2023-02-27,Product B,Furniture,North,2,297.6,595.2,440.0041079281405,155.19589207185953
1438,2023-12-12,Product D,Electronics,South,3,294.67,884.01,621.6921801721529,262.3178198278471
1439,2023-08-17,Product D,Electronics,North,6,495.43,2972.58,1974.0269514530728,998.5530485469271
1440,2023-04-27,Product A,Clothing,South,2,380.8,761.6,489.3485341525992,272.2514658474008
1441,2023-11-14,Product B,Electronics,West,8,226.72,1813.76,1408.8023218972398,404.95767810276016
1442,2023-10-06,Product B,Electronics,East,1,356.62,356.62,186.0916211230486,170.5283788769514
1443,2023-05-07,Product D,Electronics,North,7,200.72,1405.04,820.7966099895405,584.2433900104595
1444,2023-05-09,Product C,Clothing,South,2,122.15,244.3,147.79694528819766,96.50305471180235
1445,2023-02-27,Product B,Furniture,South,10,302.46,3024.6,2222.2575334856397,802.3424665143602
1446,2023-05-02,Product C,Groceries,South,6,464.81,2788.86,2224.8252970754747,564.0347029245254
1447,2023-01-01,Product D,Furniture,West,2,465.28,930.56,532.4675062637249,398.09249373627506
1448,2023-08-27,Product D,Groceries,West,2,177.53,355.06,270.6594686176136,84.40053138238642
1449,2023-10-17,Product A,Electronics,North,10,268.56,2685.6,2012.0161456246856,673.5838543753143
1450,2023-04-06,Product B,Furniture,North,8,113.7,909.6,516.1045106684852,393.4954893315148
1451,2023-05-06,Product C,Groceries,West,2,497.86,995.72,617.1470310267911,378.57296897320896
1452,2023-04-28,Product A,Clothing,North,7,490.75,3435.25,2139.823617271138,1295.4263827288619
1453,2023-02-17,Product B,Clothing,East,3,328.26,984.78,781.3896449854752,203.39035501452474
1454,2023-03-30,Product A,Furniture,East,8,404.16,3233.28,1792.1022500671093,1441.177749932891
1455,2023-08-25,Product D,Furniture,West,7,360.4,2522.7999999999997,1866.2347188509432,656.5652811490565
1456,2023-09-29,Product B,Electronics,North,8,300.65,2405.2,1443.7400948387492,961.4599051612506
1457,2023-07-08,Product A,Furniture,South,7,36.14,252.98000000000002,181.95867402233594,71.02132597766408
1458,2023-07-11,Product A,Electronics,East,6,232.83,1396.98,874.5140918342865,522.4659081657135
1459,2023-03-10,Product C,Electronics,West,7,340.65,2384.5499999999997,1606.0133319418635,778.5366680581362
1460,2023-10-05,Product A,Clothing,North,5,341.99,1709.95,1282.0923505397056,427.8576494602944
1461,2023-12-15,Product B,Clothing,West,7,192.83,1349.8100000000002,1000.5462163812691,349.26378361873105
1462,2023-09-04,Product B,Groceries,South,1,471.43,471.43,358.2523644248363,113.17763557516372
1463,2023-03-17,Product C,Clothing,East,1,92.0,92.0,47.64543817951259,44.35456182048741
1464,2023-06-03,Product B,Clothing,West,9,255.18,2296.62,1625.1231423366414,671.4968576633585
1465,2023-05-24,Product D,Furniture,West,5,348.53,1742.6499999999999,944.509700613254,798.1402993867458
1466,2023-03-27,Product B,Clothing,West,5,351.6,1758.0,1098.3027127729101,659.6972872270899
1467,2023-07-04,Product B,Groceries,South,3,327.83,983.49,653.6043660966408,329.88563390335923
1468,2023-10-12,Product A,Furniture,West,5,144.89,724.4499999999999,449.75438591745245,274.6956140825475
1469,2023-08-08,Product A,Groceries,South,3,86.54,259.62,170.28047498159304,89.33952501840696
1470,2023-03-10,Product B,Clothing,South,9,321.61,2894.4900000000002,2312.5756306663548,581.9143693336455
1471,2023-02-16,Product C,Groceries,South,9,303.66,2732.94,1477.3322416015228,1255.6077583984772
1472,2023-04-04,Product A,Furniture,East,6,97.88,587.28,412.6445478915528,174.63545210844717
1473,2023-08-26,Product C,Electronics,East,1,355.52,355.52,219.99587907082417,135.5241209291758
1474,2023-07-23,Product B,Groceries,West,7,233.03,1631.21,880.6950742226871,750.5149257773129
1475,2023-08-06,Product B,Groceries,West,7,337.2,2360.4,1292.604676880616,1067.7953231193842
1476,2023-12-07,Product D,Furniture,East,10,420.31,4203.1,3298.516937858286,904.5830621417144
1477,2023-02-08,Product A,Furniture,North,10,93.17,931.7,711.7074143459047,219.99258565409536
1478,2023-04-10,Product B,Groceries,East,4,19.38,77.52,59.85416783141174,17.665832168588253
1479,2023-10-16,Product D,Clothing,South,8,391.76,3134.08,2499.302912619529,634.7770873804711
1480,2023-09-11,Product A,Groceries,East,6,308.75,1852.5,1042.021277997234,810.4787220027661
1481,2023-08-10,Product B,Furniture,South,4,352.82,1411.28,856.1273284105459,555.152671589454
1482,2023-12-23,Product B,Electronics,West,4,420.7,1682.8,1179.2485350672698,503.55146493273014
1483,2023-01-23,Product A,Electronics,North,2,403.38,806.76,520.4737611173927,286.28623888260734
1484,2023-09-07,Product A,Clothing,West,2,480.85,961.7,601.559564274983,360.140435725017
1485,2023-01-10,Product A,Groceries,South,4,272.61,1090.44,662.2715096176512,428.16849038234886
1486,2023-09-03,Product B,Electronics,South,5,249.36,1246.8000000000002,845.4977075721291,401.30229242787107
1487,2023-11-21,Product B,Groceries,South,8,206.92,1655.36,1113.5243014100938,541.8356985899061
1488,2023-04-10,Product D,Furniture,North,6,85.31,511.86,280.72314208323655,231.13685791676346
1489,2023-10-17,Product C,Electronics,East,4,290.58,1162.32,745.6537943833296,416.66620561667037
1490,2023-06-29,Product A,Clothing,West,7,145.74,1020.1800000000001,679.4822509961294,340.6977490038706
1491,2023-08-11,Product B,Furniture,West,8,461.44,3691.52,2477.327692019711,1214.1923079802891
1492,2023-09-07,Product B,Clothing,East,2,295.76,591.52,333.0447820254543,258.47521797454567
1493,2023-05-27,Product A,Furniture,West,7,300.49,2103.4300000000003,1520.1097743815685,583.3202256184318
1494,2023-04-06,Product C,Electronics,North,2,183.91,367.82,186.69061931712577,181.12938068287423
1495,2023-09-14,Product A,Clothing,West,2,35.47,70.94,43.02153154966959,27.91846845033041
1496,2023-11-21,Product C,Clothing,South,8,25.55,204.4,150.04263960820504,54.35736039179497
1497,2023-01-04,Product B,Furniture,East,2,217.43,434.86,290.99434269504565,143.86565730495437
1498,2023-01-16,Product C,Clothing,North,9,51.44,462.96,267.7523279265684,195.20767207343158
1499,2023-10-07,Product D,Furniture,East,1,307.36,307.36,217.76023722838374,89.59976277161627
1500,2023-12-02,Product B,Furniture,North,9,441.68,3975.12,2664.1941269801073,1310.9258730198926
1501,2023-09-04,Product D,Furniture,South,1,442.63,442.63,327.0473926561042,115.5826073438958
1502,2023-09-15,Product A,Furniture,East,10,332.93,3329.3,2398.785805714534,930.5141942854661
1503,2023-06-09,Product A,Electronics,West,10,113.5,1135.0,775.241747453338,359.758252546662
1504,2023-12-06,Product A,Furniture,North,2,432.87,865.74,559.6604821870752,306.0795178129248
1505,2023-06-01,Product C,Groceries,East,6,444.19,2665.14,1439.0547031204628,1226.085296879537
1506,2023-06-27,Product B,Clothing,West,6,106.36,638.16,369.1116836081209,269.04831639187904
1507,2023-06-12,Product A,Groceries,East,1,371.34,371.34,232.35851948190913,138.98148051809085
1508,2023-02-02,Product A,Electronics,East,7,150.39,1052.73,715.6351015230707,337.0948984769293
1509,2023-06-28,Product B,Groceries,East,8,403.29,3226.32,2110.375778231473,1115.9442217685273
1510,2023-04-11,Product A,Clothing,North,2,498.65,997.3,584.8719283218315,412.4280716781684
1511,2023-09-25,Product D,Groceries,West,8,24.71,197.68,99.223362274361,98.45663772563901
1512,2023-11-19,Product B,Electronics,South,9,449.71,4047.39,2626.2370992987403,1421.1529007012596
1513,2023-03-06,Product B,Furniture,North,6,315.09,1890.54,1107.266206924939,783.2737930750609
1514,2023-06-17,Product B,Groceries,North,5,486.96,2434.7999999999997,1753.9872871710031,680.8127128289966
1515,2023-11-26,Product D,Electronics,North,9,237.85,2140.65,1085.7031718253784,1054.9468281746217
1516,2023-02-12,Product B,Electronics,South,9,425.22,3826.9800000000005,2584.927301193311,1242.0526988066895
1517,2023-02-13,Product D,Clothing,West,1,40.57,40.57,31.743682944686324,8.826317055313677
1518,2023-10-12,Product B,Clothing,West,3,174.29,522.87,288.7930120483769,234.0769879516231
1519,2023-01-12,Product C,Groceries,West,9,42.84,385.56000000000006,247.33475329613992,138.22524670386014
1520,2023-04-05,Product A,Furniture,East,2,487.92,975.84,514.6839709484508,461.15602905154924
1521,2023-10-29,Product C,Electronics,East,4,410.32,1641.28,1128.7157626868939,512.5642373131061
1522,2023-09-10,Product A,Groceries,East,4,427.75,1711.0,1138.0879116500425,572.9120883499575
1523,2023-08-30,Product D,Electronics,South,2,469.6,939.2,584.3793101022077,354.82068989779236
1524,2023-02-04,Product C,Electronics,East,3,51.7,155.10000000000002,101.8096728091732,53.29032719082683
1525,2023-08-03,Product B,Furniture,South,3,198.94,596.8199999999999,458.9381063002424,137.88189369975754
1526,2023-12-03,Product A,Furniture,West,1,44.81,44.81,25.043784305967677,19.766215694032326
1527,2023-03-31,Product A,Groceries,East,6,113.29,679.74,344.4714003559778,335.26859964402223
1528,2023-09-21,Product C,Furniture,East,8,122.39,979.12,742.6619965719751,236.45800342802488
1529,2023-04-03,Product D,Furniture,North,3,239.86,719.58,484.37457304340694,235.2054269565931
1530,2023-03-31,Product C,Groceries,South,5,141.6,708.0,543.1758559400954,164.8241440599046
1531,2023-04-25,Product D,Furniture,West,1,59.48,59.48,40.39189056658465,19.088109433415347
1532,2023-04-15,Product D,Clothing,North,10,92.07,920.6999999999999,684.1245946577694,236.5754053422305
1533,2023-07-15,Product A,Electronics,North,7,82.17,575.19,361.73814656047426,213.4518534395258
1534,2023-11-10,Product C,Electronics,West,10,486.81,4868.1,3529.1679394513267,1338.9320605486737
1535,2023-04-24,Product C,Electronics,North,1,382.05,382.05,295.6732477275809,86.37675227241914
1536,2023-03-16,Product D,Electronics,South,9,484.2,4357.8,2926.8592353925897,1430.9407646074105
1537,2023-08-05,Product C,Groceries,South,8,225.47,1803.76,999.7079069535193,804.0520930464806
1538,2023-10-04,Product B,Electronics,East,7,146.4,1024.8,595.0391387648841,429.76086123511584
1539,2023-09-06,Product B,Electronics,North,10,401.16,4011.6000000000004,2244.86477540449,1766.7352245955103
1540,2023-06-13,Product C,Electronics,East,7,169.86,1189.02,682.5653828855635,506.4546171144365
1541,2023-12-23,Product C,Electronics,North,5,156.7,783.5,463.77295136996105,319.72704863003895
1542,2023-07-11,Product D,Clothing,South,5,123.93,619.6500000000001,413.0215952884841,206.628404711516
1543,2023-08-15,Product B,Electronics,South,5,73.54,367.70000000000005,248.71135664615542,118.98864335384462
1544,2023-06-26,Product B,Clothing,South,1,135.67,135.67,85.19396621249098,50.47603378750901
1545,2023-04-09,Product A,Groceries,North,8,184.11,1472.88,1008.3722874547537,464.50771254524636
1546,2023-02-05,Product D,Furniture,South,1,340.26,340.26,178.457005256557,161.80299474344298
1547,2023-04-06,Product A,Electronics,North,4,40.66,162.64,85.60336366254172,77.03663633745826
1548,2023-06-01,Product B,Furniture,East,9,113.15,1018.35,561.6697592865664,456.6802407134336
1549,2023-05-31,Product D,Furniture,North,9,406.42,3657.78,2397.394053234604,1260.385946765396
1550,2023-07-09,Product C,Groceries,East,5,81.99,409.95,231.29313555971206,178.65686444028793
1551,2023-08-12,Product D,Furniture,North,4,177.9,711.6,416.27555445759543,295.3244455424046
1552,2023-02-06,Product C,Clothing,East,3,433.68,1301.04,806.7669037123537,494.27309628764624
1553,2023-09-25,Product C,Furniture,South,3,85.91,257.73,191.6376768423586,66.09232315764143
1554,2023-07-02,Product D,Furniture,East,5,50.54,252.7,127.40088852355393,125.29911147644606
1555,2023-01-13,Product C,Furniture,South,10,247.42,2474.2,1719.1079231088352,755.0920768911647
1556,2023-10-06,Product A,Electronics,South,1,158.19,158.19,110.8378735335978,47.3521264664022
1557,2023-08-05,Product B,Electronics,East,5,286.07,1430.35,1057.8821886299345,372.4678113700654
1558,2023-12-21,Product C,Clothing,North,6,403.86,2423.16,1889.6428835440167,533.5171164559831
1559,2023-12-27,Product A,Clothing,North,7,77.2,540.4,273.46474807165885,266.93525192834113
1560,2023-10-13,Product C,Electronics,West,9,294.54,2650.86,1447.7277220790295,1203.1322779209706
1561,2023-09-30,Product B,Clothing,North,3,257.7,773.0999999999999,592.0797082304064,181.02029176959354
1562,2023-03-03,Product A,Electronics,West,2,80.6,161.2,102.77395766736406,58.42604233263593
1563,2023-03-25,Product B,Groceries,North,3,315.76,947.28,634.0876261346674,313.19237386533257
1564,2023-08-05,Product B,Furniture,North,9,144.08,1296.72,906.2881906835639,390.4318093164361
1565,2023-12-08,Product A,Furniture,South,7,249.04,1743.28,1226.7809690855463,516.4990309144537
1566,2023-07-06,Product A,Clothing,West,9,50.31,452.79,352.95982116530456,99.83017883469546
1567,2023-01-19,Product A,Electronics,North,2,235.2,470.4,375.8895017851348,94.51049821486515
1568,2023-06-26,Product D,Electronics,West,5,160.17,800.8499999999999,573.446430775963,227.40356922403691
1569,2023-04-10,Product A,Clothing,South,4,412.97,1651.88,968.2764913185414,683.6035086814587
1570,2023-08-21,Product A,Electronics,South,2,37.92,75.84,57.93612665700091,17.90387334299909
1571,2023-03-17,Product A,Groceries,West,9,215.12,1936.08,996.6286884672232,939.4513115327767
1572,2023-09-22,Product A,Furniture,South,9,234.63,2111.67,1202.2249513768463,909.4450486231538
1573,2023-10-11,Product C,Clothing,East,6,365.25,2191.5,1685.7362399465196,505.7637600534804
1574,2023-07-25,Product D,Clothing,East,6,291.4,1748.3999999999999,1008.5775731537303,739.8224268462695
1575,2023-08-11,Product B,Electronics,South,8,336.93,2695.44,1526.1455076440539,1169.2944923559462
1576,2023-02-21,Product A,Clothing,East,6,390.75,2344.5,1269.400424930193,1075.099575069807
1577,2023-12-05,Product C,Groceries,North,1,432.48,432.48,327.7045958841416,104.77540411585841
1578,2023-05-24,Product C,Electronics,West,4,163.8,655.2,425.89145142660004,229.3085485734
1579,2023-03-10,Product C,Electronics,North,7,273.63,1915.4099999999999,1345.5141570185876,569.8958429814122
1580,2023-04-09,Product B,Electronics,West,2,421.65,843.3,482.1314045071417,361.16859549285823
1581,2023-01-25,Product A,Electronics,South,9,494.83,4453.47,3239.508082128247,1213.961917871753
1582,2023-02-22,Product D,Groceries,North,8,445.86,3566.88,2596.694573464323,970.1854265356769
1583,2023-05-31,Product D,Electronics,South,8,192.02,1536.16,912.1401745829403,624.0198254170598
1584,2023-05-24,Product C,Clothing,South,7,105.63,739.41,460.80385370224,278.60614629775995
1585,2023-02-26,Product B,Groceries,West,4,249.8,999.2,562.456757562477,436.743242437523
1586,2023-02-08,Product B,Furniture,West,2,373.4,746.8,592.1887316652635,154.61126833473645
1587,2023-04-19,Product B,Furniture,West,3,251.36,754.08,523.0907973924622,230.9892026075379
1588,2023-06-30,Product D,Clothing,North,6,246.76,1480.56,1155.374486409649,325.18551359035087
1589,2023-02-11,Product C,Clothing,East,5,420.73,2103.65,1243.290099656628,860.3599003433721
1590,2023-07-05,Product A,Groceries,West,8,187.09,1496.72,1099.4415301902116,397.2784698097885
1591,2023-08-11,Product D,Furniture,West,6,431.3,2587.8,1888.4666995934808,699.3333004065194
1592,2023-05-02,Product C,Furniture,North,6,209.33,1255.98,888.6016996894017,367.3783003105983
1593,2023-05-13,Product C,Furniture,West,1,170.83,170.83,134.90303184344828,35.92696815655174
1594,2023-06-12,Product A,Furniture,North,4,232.46,929.84,574.703048117529,355.13695188247107
1595,2023-08-03,Product A,Furniture,South,5,383.6,1918.0,1034.2147479935463,883.7852520064537
1596,2023-08-09,Product A,Electronics,West,3,71.74,215.21999999999997,150.979554205952,64.24044579404796
1597,2023-08-23,Product B,Clothing,West,9,106.25,956.25,687.3457490118985,268.90425098810147
1598,2023-11-27,Product A,Electronics,South,1,476.21,476.21,320.2598787060466,155.95012129395337
1599,2023-05-26,Product C,Furniture,South,6,95.99,575.9399999999999,323.70440921137447,252.23559078862547
1600,2023-08-27,Product A,Groceries,South,6,288.19,1729.1399999999999,1126.2524840934448,602.8875159065551
1601,2023-03-17,Product C,Groceries,West,10,293.86,2938.6000000000004,1744.5202279646135,1194.079772035387
1602,2023-01-09,Product D,Furniture,East,5,249.92,1249.6,785.0486520791283,464.55134792087165
1603,2023-03-15,Product B,Furniture,East,5,325.93,1629.65,1130.269135637577,499.38086436242315
1604,2023-09-10,Product D,Groceries,East,10,122.62,1226.2,887.2346952462505,338.9653047537496
1605,2023-08-18,Product D,Electronics,West,5,280.8,1404.0,799.8130398076459,604.1869601923541
1606,2023-01-07,Product C,Electronics,South,6,192.36,1154.16,717.4230954732864,436.7369045267137
1607,2023-06-23,Product D,Furniture,West,8,334.22,2673.76,1552.7820326163737,1120.9779673836265
1608,2023-05-21,Product C,Electronics,South,2,79.2,158.4,88.63897429071602,69.76102570928398
1609,2023-06-17,Product A,Groceries,West,6,289.73,1738.38,1277.7374026489097,460.64259735109044
1610,2023-06-19,Product A,Electronics,West,1,100.78,100.78,77.88034596360804,22.899654036391965
1611,2023-10-10,Product C,Furniture,South,4,146.54,586.16,358.18458938826143,227.97541061173854
1612,2023-05-02,Product A,Groceries,East,10,117.17,1171.7,849.9320547066228,321.76794529337724
1613,2023-07-13,Product B,Electronics,South,3,99.59,298.77,229.78358478102155,68.98641521897844
1614,2023-01-05,Product D,Clothing,North,9,414.6,3731.4,2812.868363751752,918.5316362482481
1615,2023-01-29,Product B,Groceries,North,3,150.0,450.0,249.67980745279547,200.32019254720453
1616,2023-06-14,Product D,Groceries,South,6,464.29,2785.7400000000002,2192.0641638021098,593.6758361978905
1617,2023-12-05,Product A,Clothing,West,1,485.26,485.26,297.46580284484025,187.79419715515974
1618,2023-05-16,Product B,Clothing,North,6,289.92,1739.52,1046.7947744775336,692.7252255224664
1619,2023-12-31,Product A,Groceries,North,4,80.07,320.28,166.13865165015824,154.14134834984173
1620,2023-11-17,Product D,Clothing,West,8,193.53,1548.24,999.9340494694032,548.3059505305968
1621,2023-12-08,Product C,Furniture,West,9,400.89,3608.0099999999998,1922.001664610588,1686.0083353894117
1622,2023-05-25,Product C,Furniture,East,4,190.02,760.08,436.7130441271554,323.36695587284464
1623,2023-11-23,Product B,Furniture,West,10,52.64,526.4,313.25157882948906,213.14842117051091
1624,2023-08-05,Product A,Groceries,South,10,282.82,2828.2,2100.3567824297543,727.8432175702455
1625,2023-10-28,Product A,Clothing,South,6,424.11,2544.66,1940.6762847349266,603.9837152650732
1626,2023-05-12,Product B,Clothing,East,1,400.0,400.0,236.2959580953764,163.7040419046236
1627,2023-10-19,Product C,Electronics,North,4,95.81,383.24,290.3462403957312,92.89375960426884
1628,2023-03-11,Product D,Electronics,North,7,339.65,2377.5499999999997,1800.2078245430641,577.3421754569356
1629,2023-09-09,Product B,Clothing,West,1,118.05,118.05,86.10511340788031,31.944886592119687
1630,2023-10-02,Product D,Clothing,South,8,116.92,935.36,508.843822553572,426.516177446428
1631,2023-12-30,Product C,Clothing,North,10,438.3,4383.0,3099.2055113897686,1283.7944886102314
1632,2023-07-01,Product A,Groceries,East,6,132.34,794.04,622.1360724718664,171.90392752813352
1633,2023-06-16,Product C,Clothing,East,5,138.99,694.95,489.77445171577074,205.1755482842293
1634,2023-04-01,Product B,Electronics,South,10,10.32,103.2,61.86685764837855,41.333142351621454
1635,2023-07-21,Product A,Groceries,East,9,436.63,3929.67,2554.968457898525,1374.7015421014753
1636,2023-12-12,Product B,Clothing,East,2,398.37,796.74,552.7124913118556,244.0275086881444
1637,2023-01-19,Product B,Electronics,South,5,317.39,1586.9499999999998,1036.5499130395094,550.4000869604904
1638,2023-02-08,Product C,Groceries,West,6,377.63,2265.7799999999997,1214.426092894559,1051.3539071054408
1639,2023-05-06,Product B,Clothing,West,7,84.5,591.5,351.12576472350105,240.37423527649895
1640,2023-06-22,Product C,Clothing,East,5,234.58,1172.9,868.7890912709067,304.11090872909335
1641,2023-05-21,Product A,Clothing,West,9,182.1,1638.8999999999999,1242.983410723783,395.9165892762169
1642,2023-08-30,Product C,Groceries,West,1,55.95,55.95,30.279581049130844,25.67041895086916
1643,2023-08-08,Product A,Electronics,East,7,248.2,1737.3999999999999,1365.1030230852632,372.29697691473666
1644,2023-05-06,Product C,Electronics,West,10,461.16,4611.6,2760.7195153411944,1850.880484658806
1645,2023-02-27,Product D,Furniture,East,7,29.63,207.41,144.9161477650416,62.49385223495841
1646,2023-05-28,Product D,Clothing,North,4,152.82,611.28,443.51270256612,167.76729743387995
1647,2023-11-13,Product B,Furniture,South,9,111.7,1005.3000000000001,747.5248649044394,257.7751350955607
1648,2023-12-27,Product C,Furniture,South,5,126.69,633.45,496.4505446625047,136.99945533749536
1649,2023-01-01,Product C,Electronics,West,4,455.13,1820.52,1081.1628886732296,739.3571113267703
1650,2023-12-14,Product A,Groceries,West,7,239.35,1675.45,1269.2403917835206,406.2096082164794
1651,2023-07-09,Product B,Groceries,West,4,238.49,953.96,514.6672115206012,439.29278847939884
1652,2023-07-10,Product C,Electronics,South,3,382.68,1148.04,816.8445486390535,331.19545136094644
1653,2023-11-08,Product B,Groceries,North,9,85.7,771.3000000000001,557.3362268322412,213.96377316775886
1654,2023-04-27,Product D,Furniture,North,8,248.76,1990.08,1399.6570403549772,590.4229596450227
1655,2023-05-14,Product C,Clothing,South,1,220.69,220.69,127.05000173530007,93.63999826469993
1656,2023-02-27,Product C,Electronics,North,7,302.49,2117.4300000000003,1613.297325235321,504.1326747646792
1657,2023-02-13,Product B,Clothing,South,9,499.78,4498.0199999999995,2476.868623622791,2021.1513763772086
1658,2023-06-22,Product C,Groceries,North,8,387.03,3096.24,1597.9398560695372,1498.3001439304626
1659,2023-06-09,Product B,Clothing,East,8,204.95,1639.6,1172.7066795821875,466.89332041781245
1660,2023-06-22,Product C,Groceries,East,6,415.5,2493.0,1602.1082874225617,890.8917125774383
1661,2023-11-13,Product A,Groceries,South,4,93.65,374.6,282.72163548295606,91.87836451704396
1662,2023-10-30,Product B,Furniture,North,8,24.93,199.44,122.65941774379775,76.78058225620225
1663,2023-05-29,Product C,Groceries,West,3,110.18,330.54,181.95684139360182,148.5831586063982
1664,2023-03-21,Product D,Furniture,North,9,176.8,1591.2,1194.884044997417,396.315955002583
1665,2023-08-01,Product C,Furniture,East,2,260.18,520.36,345.8691847760683,174.4908152239317
1666,2023-07-22,Product D,Furniture,East,2,311.41,622.82,346.7604770249683,276.05952297503177
1667,2023-09-09,Product D,Electronics,North,7,456.2,3193.4,2286.842278325787,906.5577216742131
1668,2023-08-17,Product A,Electronics,North,10,259.83,2598.2999999999997,1697.5579700661806,900.7420299338191
1669,2023-06-13,Product B,Groceries,West,4,255.63,1022.52,696.6366331801116,325.88336681988835
1670,2023-08-15,Product C,Furniture,West,10,34.62,346.2,220.9689014061356,125.2310985938644
1671,2023-05-27,Product A,Electronics,North,8,27.11,216.88,162.3591213231348,54.52087867686521
1672,2023-01-20,Product C,Furniture,North,9,280.07,2520.63,1887.6212004096499,633.0087995903502
1673,2023-02-16,Product D,Clothing,North,7,224.71,1572.97,1121.2392005195316,451.7307994804685
1674,2023-08-21,Product B,Clothing,North,5,421.2,2106.0,1119.592590239085,986.407409760915
1675,2023-11-01,Product C,Clothing,South,8,88.73,709.84,533.5556076001953,176.2843923998047
1676,2023-01-14,Product C,Groceries,North,4,22.24,88.96,62.38799442446229,26.572005575537702
1677,2023-05-23,Product D,Furniture,West,2,230.03,460.06,326.23188134358145,133.82811865641855
1678,2023-01-01,Product C,Clothing,East,6,126.36,758.16,461.63972108417977,296.5202789158202
1679,2023-02-23,Product C,Electronics,South,9,34.31,308.79,235.84882024371663,72.94117975628339
1680,2023-09-16,Product D,Clothing,North,1,365.05,365.05,261.96407079972045,103.08592920027957
1681,2023-05-24,Product A,Clothing,East,10,64.68,646.8000000000001,345.2470541253249,301.5529458746752
1682,2023-01-12,Product D,Clothing,South,7,308.08,2156.56,1342.0993393636863,814.4606606363136
1683,2023-11-26,Product A,Groceries,East,10,147.71,1477.1000000000001,1131.3317297953977,345.76827020460246
1684,2023-08-12,Product B,Electronics,North,9,95.01,855.09,439.6522282963236,415.43777170367645
1685,2023-09-29,Product A,Furniture,North,10,196.08,1960.8000000000002,1545.9437123382395,414.8562876617607
1686,2023-12-24,Product A,Electronics,West,9,402.71,3624.39,2550.660006297522,1073.7299937024777
1687,2023-06-05,Product B,Furniture,North,10,202.13,2021.3,1393.510079083167,627.7899209168329
1688,2023-01-08,Product A,Groceries,North,3,377.88,1133.6399999999999,658.8350386575139,474.80496134248597
1689,2023-05-02,Product D,Groceries,South,5,71.49,357.45,205.40418746544563,152.04581253455436
1690,2023-12-14,Product A,Groceries,West,8,388.66,3109.28,2433.3768342074504,675.9031657925498
1691,2023-06-13,Product B,Groceries,South,8,126.1,1008.8,594.6691755494148,414.1308244505851
1692,2023-03-31,Product D,Furniture,East,4,341.92,1367.68,1002.0329252649924,365.64707473500766
1693,2023-05-16,Product B,Clothing,North,1,287.23,287.23,177.48991222970582,109.7400877702942
1694,2023-07-05,Product B,Furniture,East,1,465.28,465.28,252.07764021641214,213.20235978358784
1695,2023-11-12,Product C,Electronics,South,4,199.79,799.16,402.14897119186696,397.011028808133
1696,2023-06-27,Product C,Groceries,North,6,42.42,254.52,168.81731322513653,85.70268677486348
1697,2023-01-28,Product B,Groceries,North,8,19.39,155.12,122.96884309999314,32.15115690000687
1698,2023-08-08,Product B,Electronics,South,6,415.16,2490.96,1521.3310479992929,969.6289520007072
1699,2023-12-23,Product B,Furniture,South,9,267.12,2404.08,1459.6556838917998,944.4243161082002
1700,2023-02-10,Product C,Clothing,South,9,389.87,3508.83,2116.6226974375973,1392.2073025624027
1701,2023-08-16,Product C,Clothing,South,2,124.87,249.74,163.8701853785546,85.86981462144541
1702,2023-07-11,Product A,Electronics,South,10,179.09,1790.9,1132.2060219173702,658.6939780826299
1703,2023-05-25,Product A,Clothing,North,1,24.75,24.75,18.908366103448085,5.841633896551915
1704,2023-07-20,Product B,Furniture,South,2,481.13,962.26,627.0627311131537,335.19726888684625
1705,2023-07-31,Product D,Furniture,North,5,337.26,1686.3,1100.019612761215,586.2803872387849
1706,2023-08-08,Product D,Electronics,North,4,467.27,1869.08,1012.1282740780894,856.9517259219106
1707,2023-08-28,Product C,Furniture,South,4,140.09,560.36,445.3863787433632,114.97362125663682
1708,2023-02-15,Product C,Groceries,South,9,309.62,2786.58,1602.260837471179,1184.319162528821
1709,2023-02-04,Product C,Electronics,West,8,342.46,2739.68,1430.1382205013172,1309.5417794986827
1710,2023-09-10,Product B,Furniture,North,6,165.6,993.5999999999999,694.4706338945302,299.12936610546967
1711,2023-03-23,Product D,Electronics,South,1,425.57,425.57,288.7960198442981,136.7739801557019
1712,2023-09-13,Product A,Clothing,South,2,474.11,948.22,592.2048236087004,356.01517639129963
1713,2023-07-16,Product B,Furniture,South,6,443.58,2661.48,1667.8368559886244,993.6431440113756
1714,2023-10-30,Product A,Groceries,West,2,372.14,744.28,547.4322125469313,196.8477874530687
1715,2023-01-10,Product A,Furniture,West,10,145.96,1459.6000000000001,815.4986508468344,644.1013491531658
1716,2023-11-08,Product B,Electronics,East,5,147.99,739.95,552.0589330059814,187.89106699401862
1717,2023-10-13,Product A,Electronics,North,5,482.05,2410.25,1674.2178193796403,736.0321806203597
1718,2023-08-30,Product D,Furniture,East,6,15.04,90.24,56.46234971575928,33.777650284240714
1719,2023-09-08,Product A,Groceries,South,6,360.86,2165.16,1380.0915718448186,785.0684281551812
1720,2023-12-31,Product D,Groceries,West,6,356.06,2136.36,1232.6672482632264,903.6927517367737
1721,2023-01-05,Product D,Groceries,West,2,315.12,630.24,457.3237611116824,172.9162388883176
1722,2023-04-29,Product D,Electronics,East,10,495.15,4951.5,3237.59978595736,1713.90021404264
1723,2023-10-16,Product C,Furniture,West,3,162.82,488.46,291.2473829854766,197.2126170145234
1724,2023-03-06,Product A,Clothing,South,6,176.59,1059.54,719.2316818960071,340.30831810399286
1725,2023-05-26,Product B,Electronics,West,8,48.68,389.44,311.0536475020602,78.38635249793981
1726,2023-08-12,Product B,Groceries,East,1,226.97,226.97,143.1224438840944,83.8475561159056
1727,2023-08-27,Product A,Furniture,South,1,137.91,137.91,107.04676532441383,30.86323467558617
1728,2023-06-26,Product C,Groceries,East,2,178.26,356.52,215.16162113097187,141.35837886902812
1729,2023-09-24,Product C,Clothing,West,6,418.94,2513.64,1298.0934964304763,1215.5465035695236
1730,2023-12-07,Product D,Groceries,East,9,468.39,4215.51,2366.050392545153,1849.4596074548472
1731,2023-10-09,Product A,Groceries,East,4,101.01,404.04,252.77087571303528,151.26912428696474
1732,2023-03-04,Product A,Clothing,North,3,192.53,577.59,326.8526815220812,250.73731847791885
1733,2023-08-05,Product B,Furniture,West,8,465.03,3720.24,1860.373390998325,1859.8666090016748
1734,2023-12-08,Product A,Electronics,West,10,40.29,402.9,312.0462358675436,90.85376413245638
1735,2023-11-11,Product C,Furniture,East,9,55.26,497.34,374.5784959144771,122.76150408552286
1736,2023-10-10,Product A,Clothing,North,5,89.77,448.84999999999997,324.37836043087486,124.4716395691251
1737,2023-06-26,Product B,Groceries,West,9,301.65,2714.85,1494.1024364968862,1220.7475635031137
1738,2023-04-08,Product D,Furniture,South,2,83.73,167.46,89.77682534163728,77.68317465836273
1739,2023-04-15,Product B,Electronics,East,3,484.36,1453.08,756.0105328089991,697.0694671910009
1740,2023-04-09,Product B,Clothing,West,7,228.89,1602.23,1149.1333861382911,453.0966138617089
1741,2023-11-07,Product D,Furniture,South,7,255.74,1790.18,1393.9100305192715,396.2699694807286
1742,2023-01-06,Product B,Electronics,West,6,130.86,785.1600000000001,493.99185154442404,291.16814845557604
1743,2023-07-16,Product B,Clothing,South,6,240.77,1444.6200000000001,773.9438992736794,670.6761007263207
1744,2023-12-17,Product A,Electronics,East,2,334.34,668.68,437.1280494101435,231.55195058985646
1745,2023-05-13,Product A,Clothing,West,10,378.08,3780.7999999999997,2286.0591027158766,1494.740897284123
1746,2023-12-24,Product D,Groceries,West,6,379.4,2276.3999999999996,1394.1754373371,882.2245626628996
1747,2023-09-16,Product A,Furniture,North,4,293.17,1172.68,804.9265989004746,367.7534010995255
1748,2023-01-23,Product A,Electronics,East,3,453.14,1359.42,972.821933259271,386.5980667407291
1749,2023-02-22,Product B,Clothing,South,2,410.53,821.06,437.77365726723923,383.2863427327607
1750,2023-06-14,Product C,Electronics,West,1,380.95,380.95,194.54242952771813,186.40757047228186
1751,2023-07-21,Product A,Electronics,West,5,37.25,186.25,148.68320566256432,37.56679433743568
1752,2023-03-24,Product C,Furniture,South,2,13.37,26.74,15.236946815000556,11.503053184999443
1753,2023-05-25,Product A,Groceries,East,2,114.1,228.2,117.78523773523311,110.41476226476688
1754,2023-03-26,Product A,Electronics,North,7,335.13,2345.91,1306.5841299838228,1039.325870016177
1755,2023-03-19,Product D,Clothing,North,8,211.49,1691.92,865.734067818168,826.1859321818321
1756,2023-01-01,Product D,Clothing,West,10,207.18,2071.8,1279.426143440357,792.3738565596432
1757,2023-02-20,Product D,Groceries,South,8,443.45,3547.6,2627.7801711558554,919.8198288441445
1758,2023-06-22,Product C,Clothing,West,4,448.83,1795.32,1081.4528956617091,713.8671043382908
1759,2023-07-24,Product B,Groceries,South,1,455.5,455.5,288.4476625499288,167.0523374500712
1760,2023-09-17,Product A,Clothing,North,7,163.8,1146.6000000000001,805.6883383717277,340.91166162827244
1761,2023-10-15,Product A,Furniture,East,1,348.62,348.62,227.5331952123285,121.0868047876715
1762,2023-02-03,Product A,Electronics,South,4,143.1,572.4,434.12745320358175,138.27254679641823
1763,2023-12-14,Product C,Furniture,North,8,103.4,827.2,628.5154131193551,198.68458688064493
1764,2023-04-05,Product D,Electronics,West,2,100.47,200.94,101.06743654559772,99.87256345440228
1765,2023-03-13,Product B,Electronics,South,6,177.63,1065.78,781.6578577570992,284.12214224290074
1766,2023-02-08,Product C,Electronics,East,6,220.68,1324.08,845.0544436223987,479.0255563776012
1767,2023-06-03,Product D,Furniture,West,9,417.17,3754.53,2991.054443262253,763.4755567377474
1768,2023-09-07,Product C,Electronics,West,5,68.75,343.75,221.70830782465427,122.04169217534573
1769,2023-06-11,Product B,Furniture,North,10,370.11,3701.1000000000004,2946.3301750429887,754.7698249570117
1770,2023-04-28,Product D,Groceries,South,4,270.41,1081.64,785.6717211563721,295.968278843628
1771,2023-09-16,Product C,Clothing,West,5,151.09,755.45,434.0675680243367,321.38243197566334
1772,2023-11-02,Product B,Clothing,East,10,251.48,2514.7999999999997,1663.5867081732522,851.2132918267475
1773,2023-09-25,Product A,Electronics,South,5,156.97,784.85,626.0282969934298,158.82170300657026
1774,2023-02-23,Product B,Furniture,East,8,302.08,2416.64,1830.0228303752829,586.617169624717
1775,2023-08-24,Product A,Clothing,West,10,222.58,2225.8,1177.91576966015,1047.88423033985
1776,2023-08-10,Product C,Furniture,East,8,90.56,724.48,515.7657152746718,208.71428472532818
1777,2023-09-08,Product D,Furniture,North,2,67.13,134.26,81.0492545597046,53.2107454402954
1778,2023-11-09,Product D,Electronics,East,7,277.88,1945.1599999999999,976.6544849557532,968.5055150442466
1779,2023-04-22,Product C,Clothing,South,8,452.18,3617.44,2246.590458979109,1370.8495410208911
1780,2023-09-12,Product D,Electronics,East,6,178.54,1071.24,611.0634980185974,460.17650198140257
1781,2023-10-30,Product D,Electronics,East,5,369.17,1845.8500000000001,1376.377952897064,469.47204710293613
1782,2023-07-26,Product A,Clothing,North,9,332.74,2994.66,1800.3871443258179,1194.272855674182
1783,2023-08-17,Product C,Clothing,East,3,466.46,1399.3799999999999,1047.0960320535276,352.28396794647233
1784,2023-12-07,Product B,Groceries,East,10,412.28,4122.799999999999,2062.139554668428,2060.6604453315713
1785,2023-03-07,Product A,Groceries,West,4,287.64,1150.56,681.5293203762155,469.0306796237844
1786,2023-03-16,Product C,Furniture,West,9,331.94,2987.46,1709.8714293407602,1277.5885706592398
1787,2023-04-13,Product A,Clothing,South,6,450.21,2701.2599999999998,1539.9078509280587,1161.352149071941
1788,2023-07-11,Product B,Groceries,West,8,205.76,1646.08,856.7121893190598,789.3678106809401
1789,2023-09-09,Product B,Furniture,West,7,170.13,1190.9099999999999,662.3094494623712,528.6005505376287
1790,2023-08-14,Product C,Furniture,West,2,15.3,30.6,20.39994505154999,10.20005494845001
1791,2023-10-21,Product B,Furniture,West,3,415.01,1245.03,731.340982954553,513.6890170454469
1792,2023-11-02,Product A,Groceries,North,1,402.48,402.48,251.63791559755066,150.84208440244936
1793,2023-04-08,Product B,Clothing,West,9,61.18,550.62,337.5631324970307,213.05686750296928
1794,2023-12-04,Product A,Electronics,North,7,292.66,2048.6200000000003,1562.6289042359856,485.99109576401474
1795,2023-10-13,Product A,Furniture,North,1,237.35,237.35,183.13681522454374,54.213184775456256
1796,2023-12-01,Product B,Groceries,West,3,68.17,204.51,132.49938908200198,72.01061091799801
1797,2023-12-13,Product C,Groceries,East,4,490.48,1961.92,1175.2818686129572,786.6381313870429
1798,2023-11-04,Product D,Electronics,North,4,115.2,460.8,245.16412932128677,215.63587067871325
1799,2023-09-06,Product B,Electronics,East,5,42.94,214.7,168.75867946100075,45.941320538999236
1800,2023-06-15,Product A,Groceries,East,3,301.48,904.44,468.56149741368756,435.8785025863125
1801,2023-12-01,Product A,Clothing,West,3,372.04,1116.1200000000001,657.7240283398529,458.3959716601472
1802,2023-01-30,Product B,Electronics,South,1,25.9,25.9,15.265974383090931,10.634025616909067
1803,2023-09-04,Product C,Groceries,West,7,332.77,2329.39,1388.5968655766465,940.7931344233534
1804,2023-04-16,Product C,Electronics,South,10,270.82,2708.2,1487.5764886851016,1220.6235113148982
1805,2023-02-20,Product A,Clothing,South,1,60.6,60.6,44.53787481419281,16.06212518580719
1806,2023-03-22,Product A,Furniture,West,2,94.54,189.08,101.48856872215877,87.59143127784124
1807,2023-05-13,Product C,Electronics,West,4,288.31,1153.24,796.279926680538,356.960073319462
1808,2023-10-12,Product D,Clothing,South,4,155.22,620.88,333.5080563183324,287.3719436816676
1809,2023-05-18,Product B,Groceries,West,5,469.77,2348.85,1224.1282897080648,1124.721710291935
1810,2023-07-03,Product A,Electronics,South,2,411.18,822.36,635.5435339953353,186.81646600466468
1811,2023-11-26,Product A,Electronics,East,4,491.95,1967.8,1096.1406159085848,871.6593840914152
1812,2023-09-30,Product C,Groceries,West,1,137.24,137.24,102.43251136353216,34.80748863646785
1813,2023-12-06,Product B,Furniture,East,2,485.16,970.32,643.6998680558029,326.62013194419717
1814,2023-03-10,Product C,Groceries,North,1,221.3,221.3,115.81889433682622,105.48110566317379
1815,2023-02-03,Product B,Electronics,East,10,180.28,1802.8,1418.1445998573645,384.6554001426355
1816,2023-09-19,Product B,Groceries,East,10,34.67,346.70000000000005,199.03643097882676,147.6635690211733
1817,2023-02-22,Product B,Clothing,South,4,35.85,143.4,108.68194275706914,34.71805724293087
1818,2023-07-24,Product A,Groceries,East,4,349.09,1396.36,768.8958619032002,627.4641380967997
1819,2023-05-06,Product D,Electronics,West,7,234.39,1640.73,1240.6919115049807,400.03808849501934
1820,2023-08-23,Product C,Groceries,South,10,121.0,1210.0,609.8020590846218,600.1979409153782
1821,2023-02-12,Product D,Furniture,North,9,310.85,2797.65,1828.3597782964825,969.2902217035175
1822,2023-08-28,Product C,Groceries,West,9,133.9,1205.1000000000001,880.7265757382755,324.3734242617246
1823,2023-04-21,Product B,Furniture,North,5,293.04,1465.2,1143.498717669128,321.7012823308721
1824,2023-09-06,Product A,Clothing,East,10,186.01,1860.1,1437.412068067306,422.6879319326938
1825,2023-05-31,Product D,Furniture,West,1,413.54,413.54,308.45430056581995,105.08569943418007
1826,2023-07-02,Product A,Groceries,West,1,412.14,412.14,315.88775485482296,96.25224514517703
1827,2023-12-02,Product C,Electronics,North,6,243.9,1463.4,819.1614264761934,644.2385735238067
1828,2023-04-05,Product A,Furniture,West,2,181.9,363.8,212.91587403397807,150.88412596602194
1829,2023-01-08,Product A,Clothing,West,8,187.65,1501.2,880.739864883448,620.460135116552
1830,2023-12-26,Product D,Furniture,West,9,404.8,3643.2000000000003,2233.704864427617,1409.4951355723833
1831,2023-07-03,Product B,Furniture,East,4,170.81,683.24,422.2397244501929,261.0002755498071
1832,2023-10-08,Product A,Furniture,North,5,112.44,562.2,372.9447010562576,189.25529894374245
1833,2023-07-14,Product B,Clothing,West,8,51.5,412.0,225.76113875209214,186.23886124790786
1834,2023-12-18,Product C,Groceries,South,3,238.68,716.04,506.5080783411959,209.53192165880404
1835,2023-07-14,Product A,Furniture,South,5,246.24,1231.2,677.4923769575125,553.7076230424875
1836,2023-06-04,Product D,Furniture,South,3,422.05,1266.15,750.9441253850019,515.2058746149982
1837,2023-04-03,Product C,Electronics,South,10,118.41,1184.1,770.8532907452242,413.24670925477574
1838,2023-06-09,Product C,Clothing,East,3,196.69,590.0699999999999,436.02170464144746,154.04829535855248
1839,2023-03-02,Product D,Furniture,West,3,406.12,1218.3600000000001,879.461920502621,338.8980794973792
1840,2023-05-02,Product A,Clothing,North,7,413.58,2895.06,2008.188208160954,886.871791839046
1841,2023-02-20,Product A,Furniture,West,7,198.46,1389.22,759.5309987189552,629.6890012810449
1842,2023-10-04,Product C,Groceries,East,7,234.97,1644.79,1092.3274142045138,552.4625857954861
1843,2023-01-05,Product A,Groceries,South,10,158.61,1586.1000000000001,834.6596689514397,751.4403310485604
1844,2023-04-02,Product B,Furniture,East,8,466.95,3735.6,2290.703364972471,1444.896635027529
1845,2023-06-19,Product D,Groceries,West,5,68.14,340.7,212.6155245609367,128.08447543906328
1846,2023-11-13,Product B,Furniture,North,5,467.54,2337.7000000000003,1196.7701605977018,1140.9298394022985
1847,2023-01-22,Product A,Groceries,East,4,345.09,1380.36,803.640663895311,576.7193361046889
1848,2023-11-22,Product C,Electronics,North,7,270.47,1893.2900000000002,1489.4414739642916,403.8485260357086
1849,2023-01-01,Product D,Electronics,East,10,26.0,260.0,204.3833434107158,55.61665658928419
1850,2023-05-13,Product A,Electronics,North,4,243.04,972.16,588.8354807186445,383.3245192813555
1851,2023-08-21,Product A,Clothing,North,2,209.8,419.6,215.22544171441504,204.37455828558498
1852,2023-01-12,Product C,Clothing,South,4,89.0,356.0,197.1273395202498,158.8726604797502
1853,2023-12-12,Product C,Electronics,North,8,331.64,2653.12,1638.7402616343181,1014.3797383656818
1854,2023-02-15,Product B,Clothing,South,9,485.86,4372.74,3429.6882589493907,943.051741050609
1855,2023-02-03,Product D,Groceries,West,3,285.47,856.4100000000001,464.4822870011642,391.9277129988359
1856,2023-03-19,Product D,Furniture,West,7,360.23,2521.61,1838.3917559656602,683.2182440343399
1857,2023-08-06,Product C,Furniture,South,9,43.54,391.86,208.70650196381007,183.15349803618994
1858,2023-10-28,Product B,Furniture,South,4,214.66,858.64,682.0841018753738,176.5558981246262
1859,2023-03-14,Product D,Electronics,East,10,67.02,670.1999999999999,411.8278133108826,258.3721866891173
1860,2023-10-09,Product C,Clothing,East,3,310.27,930.81,681.883818345789,248.92618165421095
1861,2023-09-06,Product A,Groceries,East,5,469.86,2349.3,1416.1047692544578,933.1952307455424
1862,2023-02-16,Product D,Groceries,West,1,334.27,334.27,230.07826267036248,104.1917373296375
1863,2023-05-01,Product B,Electronics,East,3,47.63,142.89000000000001,79.67615350455117,63.21384649544885
1864,2023-08-02,Product B,Groceries,North,8,183.79,1470.32,799.5692875278129,670.750712472187
1865,2023-08-27,Product B,Groceries,North,8,279.83,2238.64,1749.3163716208405,489.32362837915935
1866,2023-02-25,Product A,Groceries,East,4,207.57,830.28,643.7112545695479,186.56874543045205
1867,2023-12-16,Product D,Groceries,North,2,418.49,836.98,641.3281260738136,195.65187392618645
1868,2023-04-17,Product D,Clothing,West,8,409.19,3273.52,2250.9706723368045,1022.5493276631955
1869,2023-11-15,Product A,Groceries,North,8,309.8,2478.4,1840.1635804035272,638.2364195964728
1870,2023-02-17,Product D,Furniture,West,10,192.99,1929.9,1004.9203153635788,924.9796846364213
1871,2023-03-02,Product A,Electronics,South,4,135.11,540.44,324.50001693981966,215.9399830601804
1872,2023-12-03,Product A,Clothing,South,3,61.88,185.64000000000001,110.29075442397557,75.34924557602444
1873,2023-01-26,Product A,Groceries,South,2,183.9,367.8,254.03710482425137,113.76289517574864
1874,2023-10-19,Product B,Clothing,South,9,212.45,1912.05,1160.2077182293615,751.8422817706385
1875,2023-09-14,Product D,Groceries,North,1,341.15,341.15,185.77392656732252,155.37607343267746
1876,2023-01-08,Product A,Furniture,East,7,332.5,2327.5,1580.233135407507,747.266864592493
1877,2023-04-23,Product D,Electronics,North,5,44.35,221.75,165.05189032251067,56.69810967748933
1878,2023-12-21,Product B,Groceries,West,8,203.68,1629.44,1001.5141920438576,627.9258079561424
1879,2023-09-10,Product A,Groceries,North,4,99.07,396.28,213.8646339257679,182.41536607423208
1880,2023-06-29,Product C,Groceries,North,7,86.84,607.88,339.8088464147557,268.0711535852443
1881,2023-07-26,Product B,Groceries,West,5,415.38,2076.9,1186.4187229518882,890.4812770481119
1882,2023-10-30,Product C,Electronics,South,5,30.54,152.7,90.08830873507969,62.611691264920296
1883,2023-05-07,Product D,Electronics,South,9,215.4,1938.6000000000001,1343.1367571050596,595.4632428949405
1884,2023-02-25,Product D,Furniture,South,9,92.42,831.78,565.8463305386351,265.93366946136484
1885,2023-08-02,Product B,Electronics,East,9,440.87,3967.83,2812.492967136464,1155.337032863536
1886,2023-01-14,Product D,Groceries,West,6,282.95,1697.6999999999998,1033.4758857417448,664.224114258255
1887,2023-01-28,Product C,Furniture,West,6,123.38,740.28,553.1366945201131,187.14330547988686
1888,2023-03-19,Product A,Furniture,North,5,256.19,1280.95,718.9028268672414,562.0471731327586
1889,2023-08-04,Product A,Furniture,East,9,368.43,3315.87,2124.5184430419063,1191.3515569580936
1890,2023-12-31,Product A,Groceries,South,10,479.48,4794.8,3549.5022946140552,1245.297705385945
1891,2023-06-03,Product B,Clothing,East,8,118.02,944.16,523.1095766529689,421.050423347031
1892,2023-01-14,Product D,Groceries,West,7,444.23,3109.61,1657.294431135843,1452.315568864157
1893,2023-07-06,Product C,Electronics,West,7,467.81,3274.67,2505.467013540649,769.202986459351
1894,2023-11-08,Product D,Electronics,North,6,459.05,2754.3,1660.5093510412962,1093.790648958704
1895,2023-01-07,Product D,Groceries,North,5,321.35,1606.75,1133.0174969592763,473.7325030407237
1896,2023-01-03,Product D,Groceries,West,4,318.61,1274.44,646.9115825654401,627.52841743456
1897,2023-04-21,Product A,Furniture,South,3,207.57,622.71,440.2647293644346,182.44527063556546
1898,2023-08-26,Product C,Groceries,South,3,378.67,1136.01,675.7332752791422,460.2767247208578
1899,2023-12-29,Product C,Furniture,East,6,270.33,1621.98,838.1131649105278,783.8668350894723
1900,2023-08-27,Product D,Electronics,West,4,341.94,1367.76,934.1032508205158,433.6567491794842
1901,2023-10-01,Product A,Furniture,West,6,219.94,1319.6399999999999,755.1523043528407,564.4876956471592
1902,2023-10-21,Product A,Groceries,South,3,368.43,1105.29,680.9052529702568,424.38474702974315
1903,2023-08-15,Product C,Electronics,South,4,413.99,1655.96,868.0115805741926,787.9484194258074
1904,2023-01-15,Product A,Clothing,West,9,81.75,735.75,400.3576085979318,335.3923914020682
1905,2023-07-11,Product A,Furniture,North,5,418.14,2090.7,1232.2443018753481,858.4556981246517
1906,2023-04-29,Product A,Electronics,West,7,274.75,1923.25,1013.4139878356966,909.8360121643034
1907,2023-01-28,Product B,Furniture,West,10,423.89,4238.9,3277.720436013646,961.1795639863535
1908,2023-07-21,Product D,Electronics,South,2,221.34,442.68,222.14307152300506,220.53692847699494
1909,2023-02-08,Product C,Electronics,South,5,195.73,978.65,631.3839409574675,347.26605904253245
1910,2023-09-30,Product C,Furniture,North,9,458.38,4125.42,2215.244258618757,1910.175741381243
1911,2023-08-19,Product B,Clothing,North,3,133.07,399.21,236.45357079314755,162.75642920685243
1912,2023-03-27,Product D,Electronics,East,9,423.66,3812.94,2965.7728614040375,847.1671385959626
1913,2023-05-06,Product C,Electronics,West,6,247.17,1483.02,813.4488769189164,669.5711230810836
1914,2023-10-27,Product A,Electronics,South,4,261.91,1047.64,827.3733714289143,220.2666285710858
1915,2023-01-25,Product C,Clothing,North,7,161.15,1128.05,633.6689040888751,494.3810959111248
1916,2023-05-25,Product A,Clothing,East,8,290.79,2326.32,1680.6960208345668,645.6239791654334
1917,2023-01-13,Product B,Groceries,East,6,169.35,1016.0999999999999,674.6936306586475,341.4063693413524
1918,2023-07-31,Product A,Furniture,South,5,29.24,146.2,111.89323699239387,34.30676300760612
1919,2023-01-25,Product C,Clothing,South,6,143.28,859.6800000000001,572.7170765672795,286.9629234327206
1920,2023-03-09,Product C,Furniture,East,5,13.13,65.65,43.3531438212835,22.296856178716503
1921,2023-03-08,Product C,Groceries,North,8,489.39,3915.12,2187.132457920699,1727.987542079301
1922,2023-08-21,Product B,Furniture,East,1,483.22,483.22,265.70760569918076,217.51239430081927
1923,2023-04-19,Product B,Clothing,West,7,203.63,1425.4099999999999,1104.6168402674696,320.7931597325303
1924,2023-05-26,Product D,Furniture,West,10,366.9,3669.0,2195.3515054742325,1473.6484945257675
1925,2023-04-21,Product C,Clothing,South,10,179.44,1794.4,1097.4993194916262,696.9006805083739
1926,2023-08-16,Product A,Furniture,North,2,338.84,677.68,493.31518905312504,184.3648109468749
1927,2023-04-21,Product B,Clothing,North,9,404.66,3641.94,2191.162438072476,1450.777561927524
1928,2023-02-03,Product C,Clothing,West,1,473.91,473.91,372.312574226007,101.59742577399305
1929,2023-04-21,Product C,Furniture,East,10,206.1,2061.0,1486.7607395719585,574.2392604280415
1930,2023-09-21,Product B,Groceries,South,6,393.82,2362.92,1604.963251758476,757.9567482415241
1931,2023-08-24,Product D,Electronics,East,9,140.3,1262.7,965.0418957659576,297.6581042340424
1932,2023-03-24,Product B,Groceries,East,1,495.26,495.26,255.00034665074944,240.25965334925056
1933,2023-02-11,Product B,Furniture,East,4,22.63,90.52,52.24079446909015,38.27920553090985
1934,2023-04-11,Product A,Groceries,North,4,305.73,1222.92,782.0706701536307,440.8493298463694
1935,2023-01-06,Product A,Clothing,West,9,333.16,2998.44,1703.3944595678963,1295.0455404321037
1936,2023-06-29,Product D,Electronics,North,5,347.14,1735.6999999999998,1255.2088700801035,480.49112991989637
1937,2023-10-09,Product C,Furniture,West,5,68.99,344.95,267.59924309359474,77.35075690640525
1938,2023-11-16,Product B,Furniture,South,6,469.88,2819.2799999999997,1768.0579871156558,1051.222012884344
1939,2023-08-14,Product D,Furniture,South,1,98.78,98.78,59.5287574717159,39.2512425282841
1940,2023-11-11,Product A,Electronics,East,1,315.15,315.15,248.4848139699462,66.66518603005377
1941,2023-12-31,Product B,Clothing,West,9,119.11,1071.99,679.0582078400387,392.93179215996133
1942,2023-08-17,Product C,Furniture,West,3,160.54,481.62,311.4706471873152,170.1493528126848
1943,2023-10-16,Product A,Groceries,West,4,277.76,1111.04,672.7291222500252,438.3108777499748
1944,2023-05-30,Product A,Furniture,East,1,214.42,214.42,165.7176150749788,48.70238492502119
1945,2023-10-04,Product A,Furniture,East,9,88.51,796.59,534.2622745282468,262.3277254717532
1946,2023-07-17,Product D,Furniture,South,8,93.76,750.08,546.5475743059625,203.53242569403756
1947,2023-03-11,Product C,Furniture,North,2,214.89,429.78,319.55948742385317,110.2205125761468
1948,2023-04-22,Product B,Clothing,West,8,381.07,3048.56,1836.9241945681829,1211.635805431817
1949,2023-01-04,Product D,Groceries,West,7,450.0,3150.0,1984.8411430977592,1165.1588569022408
1950,2023-12-16,Product D,Clothing,North,6,51.22,307.32,231.88570371315996,75.43429628684004
1951,2023-11-27,Product D,Groceries,West,1,202.62,202.62,123.39083980696581,79.22916019303419
1952,2023-11-14,Product A,Furniture,East,7,59.12,413.84,305.4886346883142,108.35136531168575
1953,2023-12-16,Product C,Electronics,East,10,18.13,181.29999999999998,141.83057242482363,39.469427575176354
1954,2023-04-05,Product D,Clothing,West,7,334.24,2339.6800000000003,1607.2738536979268,732.4061463020735
1955,2023-06-01,Product B,Electronics,East,9,305.2,2746.7999999999997,1984.5305499518545,762.2694500481452
1956,2023-11-07,Product C,Clothing,East,1,89.88,89.88,66.64864392187717,23.23135607812283
1957,2023-05-17,Product B,Furniture,West,2,124.57,249.14,187.72995343783285,61.41004656216714
1958,2023-09-04,Product C,Clothing,South,9,21.62,194.58,120.35084354405261,74.2291564559474
1959,2023-08-31,Product B,Furniture,North,9,419.12,3772.08,1944.05096072658,1828.02903927342
1960,2023-01-31,Product A,Clothing,East,6,487.6,2925.6000000000004,1815.5187657390618,1110.0812342609386
1961,2023-02-09,Product D,Furniture,South,6,76.38,458.28,321.77070149563576,136.5092985043642
1962,2023-08-17,Product B,Furniture,East,4,123.42,493.68,313.5386935356786,180.14130646432142
1963,2023-02-05,Product C,Groceries,East,4,435.52,1742.08,1262.4661177552648,479.6138822447351
1964,2023-08-11,Product D,Furniture,North,5,463.97,2319.8500000000004,1408.3687067008643,911.481293299136
1965,2023-01-06,Product D,Groceries,East,3,215.62,646.86,446.6071785343658,200.2528214656342
1966,2023-11-18,Product C,Furniture,North,1,34.81,34.81,19.351782022090056,15.458217977909946
1967,2023-08-08,Product B,Electronics,North,1,29.3,29.3,21.236957348109172,8.063042651890829
1968,2023-03-16,Product A,Furniture,North,7,291.24,2038.68,1353.089837309922,685.5901626900782
1969,2023-01-04,Product A,Electronics,South,1,202.52,202.52,113.65813599053728,88.86186400946274
1970,2023-12-01,Product B,Electronics,West,1,24.04,24.04,14.125263383266187,9.914736616733812
1971,2023-05-14,Product D,Furniture,South,3,295.79,887.3700000000001,642.9728729202784,244.3971270797217
1972,2023-04-28,Product D,Electronics,West,10,15.54,155.39999999999998,100.19886960654009,55.20113039345989
1973,2023-04-04,Product D,Groceries,West,4,395.81,1583.24,894.2288853063783,689.0111146936217
1974,2023-03-03,Product D,Clothing,North,4,160.15,640.6,506.19017736536387,134.40982263463616
1975,2023-07-13,Product B,Furniture,East,2,29.73,59.46,42.48640010349365,16.97359989650635
1976,2023-12-01,Product D,Electronics,North,1,298.29,298.29,234.79612475948875,63.49387524051127
1977,2023-07-22,Product C,Furniture,East,3,204.87,614.61,386.05590957867616,228.55409042132385
1978,2023-01-26,Product D,Groceries,West,4,487.16,1948.64,1252.0598583656545,696.5801416343456
1979,2023-06-22,Product A,Furniture,North,3,276.66,829.98,638.5754610987727,191.40453890122728
1980,2023-10-27,Product D,Furniture,East,8,144.87,1158.96,762.0333550112374,396.92664498876263
1981,2023-05-13,Product B,Electronics,South,10,357.63,3576.3,2546.9824717944716,1029.3175282055286
1982,2023-11-22,Product A,Groceries,East,1,143.03,143.03,82.3354860004557,60.6945139995443
1983,2023-04-28,Product B,Clothing,North,2,453.08,906.16,574.5216970638754,331.63830293612455
1984,2023-11-20,Product B,Clothing,South,7,193.61,1355.27,727.82736989104,627.44263010896
1985,2023-10-02,Product A,Electronics,East,4,279.44,1117.76,627.9508734705498,489.80912652945017
1986,2023-07-31,Product B,Furniture,East,8,34.78,278.24,139.19874875921968,139.04125124078033
1987,2023-08-13,Product B,Electronics,East,3,218.8,656.4000000000001,335.93207397065424,320.46792602934585
1988,2023-01-20,Product D,Electronics,East,6,417.86,2507.16,1988.6420730348812,518.5179269651187
1989,2023-04-23,Product C,Electronics,East,9,404.77,3642.93,2086.3282639873696,1556.6017360126302
1990,2023-05-20,Product B,Furniture,South,1,119.92,119.92,83.82326608511597,36.09673391488403
1991,2023-02-16,Product B,Groceries,West,1,120.78,120.78,90.79393848630514,29.986061513694864
1992,2023-01-01,Product B,Electronics,South,8,410.48,3283.84,2184.4042527378197,1099.4357472621805
1993,2023-03-31,Product D,Furniture,South,3,465.9,1397.6999999999998,763.0650203302037,634.6349796697962
1994,2023-05-22,Product C,Groceries,South,5,56.73,283.65,203.78406823512108,79.8659317648789
1995,2023-11-16,Product A,Electronics,West,1,230.53,230.53,156.77778727107707,73.75221272892293
1996,2023-02-07,Product D,Clothing,North,5,175.35,876.75,630.7121862630934,246.03781373690663
1997,2023-10-20,Product D,Groceries,West,6,436.64,2619.84,1914.9038977277737,704.9361022722264
1998,2023-05-19,Product C,Electronics,South,8,50.93,407.44,322.9463600628418,84.4936399371582
1999,2023-12-22,Product C,Groceries,East,3,113.45,340.35,228.73867870712724,111.61132129287279
2000,2023-11-29,Product D,Groceries,East,3,378.71,1136.1299999999999,684.509615208352,451.6203847916479
